imo,port_id,arrival_time,berth_time,departure_time,waiting_hours,port_stay_hours
9264511,DHA,2019-12-24 10:19,2019-12-25 04:31,2019-12-26 14:55,18.2,34.4
9367188,DHA,2019-12-27 04:45,2019-12-28 01:45,2019-12-29 08:57,21.0,31.2
9952378,DHA,2020-01-08 07:46,2020-01-09 00:28,2020-01-10 08:46,16.7,32.3
9367188,DHA,2020-01-26 09:29,2020-01-27 08:23,2020-01-28 18:47,22.9,34.4
9367188,DHA,2020-02-03 01:06,2020-02-03 23:54,2020-02-05 06:00,22.8,30.1
9462030,DHA,2020-02-08 16:00,2020-02-09 19:48,2020-02-11 00:54,27.8,29.1
9174447,DHA,2020-02-06 11:18,2020-02-07 00:12,2020-02-08 05:18,12.9,29.1
9260565,DHA,2020-03-09 22:23,2020-03-10 14:47,2020-03-11 21:53,16.4,31.1
9096672,DHA,2020-03-10 06:48,2020-03-11 11:06,2020-03-14 00:30,28.3,61.4
9686782,DHA,2020-02-22 01:36,2020-02-23 01:18,2020-02-24 06:54,23.7,29.6
9686782,DHA,2020-03-27 20:39,2020-03-29 07:33,2020-03-30 13:51,34.9,30.3
9463594,DHA,2020-03-27 07:34,2020-03-28 02:04,2020-03-29 06:46,18.5,28.7
9096672,DHA,2020-03-29 11:57,2020-03-30 08:57,2020-04-01 21:39,21.0,60.7
9151262,DHA,2020-03-29 09:31,2020-03-30 20:19,2020-04-01 04:49,34.8,32.5
9192002,DHA,2020-05-03 17:24,2020-05-04 11:24,2020-05-05 20:36,18.0,33.2
9367188,DHA,2020-05-08 05:16,2020-05-09 11:46,2020-05-10 20:34,30.5,32.8
9192002,DHA,2020-05-08 20:13,2020-05-09 23:25,2020-05-11 08:01,27.2,32.6
9462030,DHA,2020-06-02 00:45,2020-06-02 19:45,2020-06-04 02:51,19.0,31.1
9490456,DHA,2020-05-20 10:14,2020-05-21 06:02,2020-05-23 16:20,19.8,58.3
9462030,DHA,2020-05-29 01:19,2020-05-30 04:31,2020-05-31 11:31,27.2,31.0
9339563,DHA,2020-06-19 07:45,2020-06-20 13:57,2020-06-22 00:57,30.2,35.0
9462030,DHA,2020-07-07 21:57,2020-07-09 16:21,2020-07-10 23:45,42.4,31.4
9191845,DHA,2020-07-06 04:35,2020-07-08 02:17,2020-07-10 09:35,45.7,55.3
9404531,DHA,2020-07-02 05:01,2020-07-03 17:43,2020-07-05 01:01,36.7,31.3
9404531,DHA,2020-06-28 08:08,2020-06-29 23:32,2020-07-01 07:14,39.4,31.7
9490456,DHA,2020-07-22 19:35,2020-07-24 04:59,2020-07-26 13:29,33.4,56.5
9490456,DHA,2020-08-08 12:16,2020-08-09 15:58,2020-08-12 04:16,27.7,60.3
9231171,DHA,2020-08-20 01:41,2020-08-21 03:05,2020-08-22 09:53,25.4,30.8
9133209,DHA,2020-08-26 10:30,2020-08-28 00:54,2020-08-29 05:06,38.4,28.2
9151262,DHA,2020-09-28 09:14,2020-09-29 05:38,2020-09-30 11:50,20.4,30.2
9725674,DHA,2020-10-22 20:38,2020-10-24 08:14,2020-10-25 13:38,35.6,29.4
9264511,DHA,2020-11-02 09:10,2020-11-04 17:34,2020-11-06 04:28,56.4,34.9
9184777,DHA,2020-11-01 19:16,2020-11-03 08:28,2020-11-04 16:58,37.2,32.5
9842348,DHA,2020-10-29 13:08,2020-10-31 18:08,2020-11-01 23:20,53.0,29.2
9060320,DHA,2020-11-18 16:45,2020-11-20 05:21,2020-11-23 00:33,36.6,67.2
9339563,DHA,2020-12-02 14:46,2020-12-04 04:58,2020-12-05 15:40,38.2,34.7
9367188,DHA,2020-11-28 08:18,2020-11-30 05:00,2020-12-01 14:42,44.7,33.7
9785903,DHA,2020-12-18 21:09,2020-12-21 11:09,2020-12-22 18:15,62.0,31.1
9192002,DHA,2021-01-02 00:54,2021-01-04 17:30,2021-01-06 00:00,64.6,30.5
9842348,DHA,2020-12-17 04:45,2020-12-19 07:27,2020-12-20 13:33,50.7,30.1
9307294,DHA,2020-12-19 20:56,2020-12-22 05:56,2020-12-24 09:38,57.0,51.7
9746054,DHA,2021-01-24 05:40,2021-01-24 23:40,2021-01-26 05:16,18.0,29.6
9264511,DHA,2021-02-01 18:41,2021-02-02 20:11,2021-02-04 03:53,25.5,31.7
9151262,DHA,2021-02-03 14:29,2021-02-04 13:53,2021-02-05 21:11,23.4,31.3
9184777,DHA,2021-01-22 13:04,2021-01-23 12:10,2021-01-24 19:40,23.1,31.5
9725674,DHA,2021-02-18 02:31,2021-02-19 00:13,2021-02-20 06:37,21.7,30.4
9307294,DHA,2021-02-15 18:36,2021-02-17 03:00,2021-02-19 10:18,32.4,55.3
9096672,DHA,2021-02-19 17:52,2021-02-20 16:16,2021-02-23 03:58,22.4,59.7
9095119,DHA,2021-03-29 10:31,2021-03-30 06:01,2021-03-31 16:07,19.5,34.1
9339563,DHA,2021-03-30 14:57,2021-03-31 14:09,2021-04-01 20:39,23.2,30.5
9874716,DHA,2021-03-18 00:48,2021-03-18 23:18,2021-03-20 03:48,22.5,28.5
9095119,DHA,2021-04-23 00:30,2021-04-24 00:18,2021-04-25 06:12,23.8,29.9
9264511,DHA,2021-04-21 00:29,2021-04-21 21:35,2021-04-23 06:41,21.1,33.1
9060320,DHA,2021-04-30 00:22,2021-04-30 18:04,2021-05-03 08:52,17.7,62.8
9746054,DHA,2021-04-17 20:13,2021-04-18 19:31,2021-04-20 00:13,23.3,28.7
9133209,DHA,2021-05-03 02:54,2021-05-04 02:06,2021-05-05 07:48,23.2,29.7
9355626,DHA,2021-04-20 23:35,2021-04-22 02:05,2021-04-24 09:53,26.5,55.8
9057030,DHA,2021-05-29 11:41,2021-05-30 17:35,2021-06-02 10:29,29.9,64.9
9231171,DHA,2021-06-01 12:46,2021-06-02 15:16,2021-06-03 23:16,26.5,32.0
9638539,DHA,2021-05-30 04:16,2021-05-31 06:34,2021-06-01 14:46,26.3,32.2
9557549,DHA,2021-06-01 10:24,2021-06-02 12:12,2021-06-03 21:48,25.8,33.6
9095119,DHA,2021-05-20 00:01,2021-05-20 13:13,2021-05-21 19:31,13.2,30.3
9785903,DHA,2021-06-29 18:04,2021-06-30 19:58,2021-07-02 03:40,25.9,31.7
9874716,DHA,2021-07-21 19:34,2021-07-24 02:34,2021-07-25 09:10,55.0,30.6
9746054,DHA,2021-07-29 18:08,2021-08-01 01:38,2021-08-02 09:38,55.5,32.0
9638539,DHA,2021-08-01 08:11,2021-08-02 19:29,2021-08-04 04:35,35.3,33.1
9307294,DHA,2021-07-24 14:38,2021-07-26 03:32,2021-07-28 08:32,36.9,53.0
9260565,DHA,2021-07-18 22:32,2021-07-20 16:56,2021-07-21 22:26,42.4,29.5
9339563,DHA,2021-08-21 18:01,2021-08-23 03:43,2021-08-24 09:07,33.7,29.4
9215871,DHA,2021-08-16 04:17,2021-08-17 11:29,2021-08-19 22:23,31.2,58.9
9725674,DHA,2021-08-14 07:19,2021-08-15 09:07,2021-08-16 14:43,25.8,29.6
9151262,DHA,2021-09-22 04:21,2021-09-23 18:39,2021-09-24 23:45,38.3,29.1
9192002,DHA,2021-09-25 16:28,2021-09-27 13:52,2021-09-28 23:10,45.4,33.3
9191845,DHA,2021-10-01 18:56,2021-10-03 13:32,2021-10-05 22:02,42.6,56.5
9874716,DHA,2021-09-19 00:05,2021-09-19 21:29,2021-09-21 03:35,21.4,30.1
9463594,DHA,2021-10-31 18:21,2021-11-02 10:51,2021-11-03 17:33,40.5,30.7
9260565,DHA,2021-10-13 09:47,2021-10-15 11:17,2021-10-16 17:53,49.5,30.6
9490456,DHA,2021-10-30 16:37,2021-11-01 16:25,2021-11-04 06:31,47.8,62.1
9559190,DHA,2021-10-13 23:25,2021-10-15 14:01,2021-10-16 23:01,38.6,33.0
9174447,DHA,2021-11-01 03:27,2021-11-03 11:03,2021-11-04 17:33,55.6,30.5
9184777,DHA,2021-11-27 11:41,2021-11-29 03:41,2021-11-30 09:35,40.0,29.9
9746054,DHA,2021-11-22 07:15,2021-11-23 17:57,2021-11-25 01:39,34.7,31.7
9559190,DHA,2021-11-20 15:01,2021-11-21 17:25,2021-11-23 01:31,26.4,32.1
9215871,DHA,2021-12-31 04:35,2022-01-01 22:41,2022-01-04 09:17,42.1,58.6
9151262,DHA,2021-12-26 09:06,2021-12-27 15:18,2021-12-29 00:06,30.2,32.8
9215871,DHA,2021-12-15 09:00,2021-12-17 07:12,2021-12-19 18:36,46.2,59.4
9060320,DHA,2022-01-27 23:53,2022-01-28 17:17,2022-01-31 10:17,17.4,65.0
9095119,DHA,2022-01-10 16:57,2022-01-11 19:45,2022-01-13 01:09,26.8,29.4
9096672,DHA,2022-01-20 02:17,2022-01-21 07:23,2022-01-23 23:23,29.1,64.0
9260565,DHA,2022-02-26 11:11,2022-02-27 13:11,2022-02-28 19:59,26.0,30.8
9307294,DHA,2022-02-17 04:16,2022-02-18 01:04,2022-02-20 13:28,20.8,60.4
9874716,DHA,2022-02-24 10:27,2022-02-25 10:51,2022-02-26 15:15,24.4,28.4
9095119,DHA,2022-02-15 07:17,2022-02-16 02:17,2022-02-17 07:59,19.0,29.7
9746054,DHA,2022-02-12 13:25,2022-02-13 12:13,2022-02-14 22:19,22.8,34.1
9192002,DHA,2022-03-22 23:56,2022-03-24 06:32,2022-03-25 13:02,30.6,30.5
9686782,DHA,2022-03-21 18:18,2022-03-23 02:42,2022-03-24 09:48,32.4,31.1
9060320,DHA,2022-03-15 08:56,2022-03-16 11:32,2022-03-19 02:02,26.6,62.5
9231171,DHA,2022-03-31 02:57,2022-04-01 11:21,2022-04-02 17:39,32.4,30.3
9367188,DHA,2022-03-13 04:10,2022-03-14 00:46,2022-03-15 11:04,20.6,34.3
9355626,DHA,2022-03-15 04:23,2022-03-16 03:53,2022-03-18 17:47,23.5,61.9
9462030,DHA,2022-04-22 00:52,2022-04-23 00:46,2022-04-24 06:52,23.9,30.1
9355626,DHA,2022-04-20 22:41,2022-04-21 20:11,2022-04-24 07:29,21.5,59.3
9215871,DHA,2022-04-30 03:56,2022-05-01 06:56,2022-05-03 14:20,27.0,55.4
9057030,DHA,2022-05-24 16:52,2022-05-26 03:46,2022-05-28 23:34,34.9,67.8
9060320,DHA,2022-05-29 19:41,2022-05-31 07:11,2022-06-02 21:47,35.5,62.6
9184777,DHA,2022-05-15 09:48,2022-05-16 21:42,2022-05-18 08:36,35.9,34.9
9842348,DHA,2022-06-13 23:44,2022-06-16 13:26,2022-06-17 18:26,61.7,29.0
9559190,DHA,2022-06-27 05:40,2022-06-29 08:52,2022-06-30 16:04,51.2,31.2
9462030,DHA,2022-06-27 06:23,2022-06-29 00:17,2022-06-30 07:23,41.9,31.1
9785903,DHA,2022-06-16 11:32,2022-06-18 11:50,2022-06-19 21:44,48.3,33.9
9111444,DHA,2022-07-10 02:05,2022-07-11 19:23,2022-07-14 04:35,41.3,57.2
9095119,DHA,2022-07-28 03:13,2022-07-30 15:43,2022-07-31 21:49,60.5,30.1
9463594,DHA,2022-07-23 09:38,2022-07-24 19:50,2022-07-26 06:38,34.2,34.8
9462030,DHA,2022-08-15 01:08,2022-08-16 19:38,2022-08-18 00:20,42.5,28.7
9111444,DHA,2022-08-26 04:15,2022-08-27 12:09,2022-08-30 01:09,31.9,61.0
9184777,DHA,2022-08-16 17:44,2022-08-18 10:56,2022-08-19 15:50,41.2,28.9
9725674,DHA,2022-08-24 00:41,2022-08-25 13:23,2022-08-26 22:35,36.7,33.2
9095119,DHA,2022-09-13 10:37,2022-09-15 04:13,2022-09-16 09:13,41.6,29.0
9559190,DHA,2022-09-25 13:48,2022-09-27 05:12,2022-09-28 15:54,39.4,34.7
9367188,DHA,2022-09-20 09:34,2022-09-22 08:40,2022-09-23 15:40,47.1,31.0
9842348,DHA,2022-10-17 11:03,2022-10-19 05:15,2022-10-20 15:51,42.2,34.6
9355626,DHA,2022-10-12 15:55,2022-10-16 01:01,2022-10-18 11:13,81.1,58.2
9215871,DHA,2022-10-18 18:17,2022-10-21 10:11,2022-10-23 21:23,63.9,59.2
9133209,DHA,2022-10-08 13:50,2022-10-11 11:32,2022-10-12 15:20,69.7,27.8
9638539,DHA,2022-10-26 04:11,2022-10-27 15:17,2022-10-29 00:29,35.1,33.2
9264511,DHA,2022-11-15 00:24,2022-11-17 02:36,2022-11-18 10:42,50.2,32.1
9638539,DHA,2022-11-19 11:33,2022-11-21 10:45,2022-11-22 14:45,47.2,28.0
9725674,DHA,2022-11-21 04:50,2022-11-22 12:38,2022-11-23 18:14,31.8,29.6
9278464,DHA,2022-11-10 00:55,2022-11-12 14:37,2022-11-14 23:49,61.7,57.2
9184777,DHA,2022-11-08 10:05,2022-11-10 02:29,2022-11-11 07:47,40.4,29.3
9095119,DHA,2022-12-18 18:12,2022-12-21 01:30,2022-12-22 13:00,55.3,35.5
9191845,DHA,2022-12-21 10:00,2022-12-23 09:18,2022-12-25 18:18,47.3,57.0
9111444,DHA,2022-12-18 06:17,2022-12-20 16:53,2022-12-23 06:53,58.6,62.0
9638539,DHA,2022-12-23 14:43,2022-12-25 04:55,2022-12-26 13:31,38.2,32.6
9785903,DHA,2023-01-09 01:29,2023-01-10 10:05,2023-01-11 17:29,32.6,31.4
9725674,DHA,2023-01-13 03:13,2023-01-14 10:25,2023-01-15 17:37,31.2,31.2
9215871,DHA,2023-01-10 18:38,2023-01-11 23:56,2023-01-14 07:26,29.3,55.5
9111444,DHA,2023-01-10 19:27,2023-01-12 01:21,2023-01-14 19:51,29.9,66.5
9952378,DHA,2023-01-05 16:50,2023-01-06 07:44,2023-01-07 14:44,14.9,31.0
9184777,DHA,2023-01-07 04:12,2023-01-08 08:30,2023-01-09 16:00,28.3,31.5
9686782,DHA,2023-02-06 03:49,2023-02-07 09:55,2023-02-08 18:01,30.1,32.1
9307294,DHA,2023-02-13 17:30,2023-02-14 18:12,2023-02-17 00:00,24.7,53.8
9463594,DHA,2023-02-17 19:39,2023-02-18 15:09,2023-02-20 01:27,19.5,34.3
9231171,DHA,2023-02-08 09:27,2023-02-09 12:21,2023-02-10 16:27,26.9,28.1
9952378,DHA,2023-03-23 15:40,2023-03-24 14:34,2023-03-25 20:10,22.9,29.6
9367188,DHA,2023-03-15 08:04,2023-03-16 00:58,2023-03-17 07:58,16.9,31.0
9874716,DHA,2023-03-15 23:40,2023-03-16 15:58,2023-03-17 20:22,16.3,28.4
9096672,DHA,2023-03-10 12:30,2023-03-11 09:12,2023-03-14 01:24,20.7,64.2
9192002,DHA,2023-03-21 00:02,2023-03-22 05:08,2023-03-23 11:44,29.1,30.6
9638539,DHA,2023-04-15 11:09,2023-04-16 11:03,2023-04-17 17:51,23.9,30.8
9060320,DHA,2023-04-24 03:27,2023-04-25 01:57,2023-04-27 18:39,22.5,64.7
9095119,DHA,2023-04-16 00:40,2023-04-16 18:04,2023-04-17 23:34,17.4,29.5
9490456,DHA,2023-05-18 20:02,2023-05-19 21:50,2023-05-22 07:50,25.8,58.0
9111444,DHA,2023-05-22 16:28,2023-05-23 16:46,2023-05-26 08:52,24.3,64.1
9725674,DHA,2023-05-14 21:24,2023-05-15 17:18,2023-05-17 00:00,19.9,30.7
9462030,DHA,2023-05-15 18:09,2023-05-17 00:09,2023-05-18 07:03,30.0,30.9
9151262,DHA,2023-06-10 08:44,2023-06-11 23:50,2023-06-13 05:38,39.1,29.8
9133209,DHA,2023-06-16 04:29,2023-06-17 22:11,2023-06-19 06:23,41.7,32.2
9057030,DHA,2023-06-18 18:24,2023-06-20 11:00,2023-06-23 00:30,40.6,61.5
9355626,DHA,2023-06-07 15:05,2023-06-09 13:59,2023-06-11 23:11,46.9,57.2
9842348,DHA,2023-07-06 20:45,2023-07-08 02:21,2023-07-09 08:03,29.6,29.7
9725674,DHA,2023-07-21 04:41,2023-07-22 13:17,2023-07-23 21:11,32.6,31.9
9463594,DHA,2023-08-09 08:54,2023-08-10 15:42,2023-08-11 23:12,30.8,31.5
9339563,DHA,2023-08-20 15:14,2023-08-22 01:02,2023-08-23 12:44,33.8,35.7
9842348,DHA,2023-08-14 17:04,2023-08-16 14:28,2023-08-18 00:10,45.4,33.7
9151262,DHA,2023-09-09 10:30,2023-09-11 01:06,2023-09-12 08:00,38.6,30.9
9638539,DHA,2023-09-04 00:33,2023-09-05 07:51,2023-09-06 15:39,31.3,31.8
9874716,DHA,2023-09-11 09:30,2023-09-12 23:06,2023-09-14 08:00,37.6,32.9
9307294,DHA,2023-10-04 06:30,2023-10-05 21:36,2023-10-08 08:48,39.1,59.2
9264511,DHA,2023-10-14 13:35,2023-10-16 07:23,2023-10-17 19:23,41.8,36.0
9174447,DHA,2023-10-03 15:14,2023-10-05 16:44,2023-10-06 23:50,49.5,31.1
9952378,DHA,2023-11-18 03:37,2023-11-20 20:07,2023-11-22 02:25,64.5,30.3
9260565,DHA,2023-11-18 08:18,2023-11-20 01:00,2023-11-21 07:24,40.7,30.4
9746054,DHA,2023-11-16 08:37,2023-11-19 00:49,2023-11-20 07:01,64.2,30.2
9725674,DHA,2023-12-20 06:27,2023-12-21 21:03,2023-12-23 05:39,38.6,32.6
9339563,DHA,2023-12-10 15:08,2023-12-12 10:50,2023-12-13 17:32,43.7,30.7
9278464,DHA,2023-12-07 02:49,2023-12-08 19:55,2023-12-11 05:13,41.1,57.3
9557549,DHA,2023-12-19 23:27,2023-12-22 04:15,2023-12-23 11:27,52.8,31.2
9367188,DHA,2024-01-05 10:04,2024-01-06 12:28,2024-01-07 18:34,26.4,30.1
9096672,DHA,2024-01-09 21:53,2024-01-10 14:29,2024-01-13 06:11,16.6,63.7
9842348,DHA,2024-02-10 09:08,2024-02-11 12:38,2024-02-12 22:32,27.5,33.9
9278464,DHA,2024-02-08 01:45,2024-02-09 09:21,2024-02-11 19:57,31.6,58.6
9746054,DHA,2024-01-31 22:01,2024-02-01 16:13,2024-02-02 23:25,18.2,31.2
9355626,DHA,2024-02-07 09:25,2024-02-08 17:01,2024-02-11 08:43,31.6,63.7
9842348,DHA,2024-03-12 07:55,2024-03-12 21:01,2024-03-14 01:43,13.1,28.7
9557549,DHA,2024-03-12 02:15,2024-03-12 20:33,2024-03-14 06:39,18.3,34.1
9404531,DHA,2024-04-17 07:45,2024-04-17 22:51,2024-04-19 05:15,15.1,30.4
9307294,DHA,2024-04-02 04:21,2024-04-02 21:09,2024-04-05 08:27,16.8,59.3
9463594,DHA,2024-05-03 05:34,2024-05-04 01:22,2024-05-05 10:46,19.8,33.4
9725674,DHA,2024-05-16 18:47,2024-05-17 14:23,2024-05-18 18:47,19.6,28.4
9339563,DHA,2024-05-01 10:26,2024-05-02 08:26,2024-05-03 19:20,22.0,34.9
9264511,DHA,2024-06-07 17:51,2024-06-09 06:51,2024-06-10 15:09,37.0,32.3
9111444,DHA,2024-06-10 14:52,2024-06-11 22:34,2024-06-14 14:46,31.7,64.2
9462030,DHA,2024-06-05 18:00,2024-06-07 16:42,2024-06-08 22:00,46.7,29.3
9638539,DHA,2024-07-05 20:00,2024-07-07 13:54,2024-07-08 19:36,41.9,29.7
9686782,DHA,2024-07-07 20:19,2024-07-09 10:37,2024-07-10 21:07,38.3,34.5
9339563,DHA,2024-06-29 04:36,2024-06-30 07:12,2024-07-01 17:00,26.6,33.8
9842348,DHA,2024-07-13 18:55,2024-07-15 14:37,2024-07-16 19:25,43.7,28.8
9184777,DHA,2024-08-17 09:14,2024-08-18 23:32,2024-08-20 07:02,38.3,31.5
9215871,DHA,2024-07-30 06:39,2024-07-31 18:33,2024-08-03 05:33,35.9,59.0
9725674,DHA,2024-08-02 15:11,2024-08-04 04:41,2024-08-05 09:41,37.5,29.0
9174447,DHA,2024-08-10 06:47,2024-08-12 13:53,2024-08-13 20:35,55.1,30.7
9874716,DHA,2024-07-29 13:01,2024-07-31 01:19,2024-08-01 09:55,36.3,32.6
9725674,DHA,2024-09-02 07:16,2024-09-04 04:16,2024-09-05 08:22,45.0,28.1
9686782,DHA,2024-08-28 01:41,2024-08-29 15:17,2024-08-31 00:53,37.6,33.6
9096672,DHA,2024-09-02 08:49,2024-09-03 21:49,2024-09-06 13:25,37.0,63.6
9231171,DHA,2024-08-29 09:34,2024-08-30 21:34,2024-09-01 03:40,36.0,30.1
9307294,DHA,2024-10-06 14:20,2024-10-09 04:50,2024-10-11 12:26,62.5,55.6
9151262,DHA,2024-10-06 03:45,2024-10-07 11:03,2024-10-08 21:27,31.3,34.4
9746054,DHA,2024-10-27 17:21,2024-10-29 18:21,2024-10-30 23:39,49.0,29.3
9725674,DHA,2024-11-04 02:46,2024-11-06 06:16,2024-11-07 12:22,51.5,30.1
9686782,DHA,2024-10-28 16:48,2024-10-31 20:00,2024-11-02 04:54,75.2,32.9
9746054,DHA,2024-10-31 20:45,2024-11-02 09:09,2024-11-03 18:27,36.4,33.3
9231171,DHA,2024-10-28 11:04,2024-10-30 11:40,2024-10-31 16:28,48.6,28.8
9355626,DHA,2024-12-02 05:36,2024-12-04 02:54,2024-12-06 16:24,45.3,61.5
9095119,DHA,2024-11-30 07:10,2024-12-02 17:34,2024-12-04 02:10,58.4,32.6
9490456,DHA,2024-11-26 10:55,2024-11-27 22:07,2024-11-30 09:01,35.2,58.9
9192002,DHA,2024-12-10 11:44,2024-12-12 20:08,2024-12-14 02:44,56.4,30.6
9638539,DHA,2024-12-25 11:51,2024-12-26 06:39,2024-12-27 14:39,18.8,32.0
9462030,DHA,2025-01-11 10:56,2025-01-12 10:32,2025-01-13 19:02,23.6,32.5
9785903,DHA,2024-12-27 17:16,2024-12-28 23:10,2024-12-30 11:10,29.9,36.0
9192002,DHA,2025-01-02 01:56,2025-01-02 14:50,2025-01-04 00:38,12.9,33.8
9463594,DHA,2025-01-03 10:39,2025-01-04 15:09,2025-01-05 20:21,28.5,29.2
9096672,DHA,2025-02-01 17:46,2025-02-02 14:16,2025-02-05 04:46,20.5,62.5
9355626,DHA,2025-01-31 09:39,2025-02-01 14:09,2025-02-04 01:51,28.5,59.7
9192002,DHA,2025-02-01 20:08,2025-02-03 00:44,2025-02-04 06:26,28.6,29.7
9151262,DHA,2025-03-15 05:44,2025-03-16 13:56,2025-03-17 22:02,32.2,32.1
9355626,DHA,2025-03-01 08:52,2025-03-02 10:58,2025-03-04 18:52,26.1,55.9
9557549,DHA,2025-02-25 06:07,2025-02-26 15:01,2025-02-27 19:37,32.9,28.6
9133209,DHA,2025-02-24 21:33,2025-02-26 00:45,2025-02-27 07:21,27.2,30.6
9462030,DHA,2025-03-01 01:57,2025-03-02 12:33,2025-03-03 17:39,34.6,29.1
9095119,DHA,2025-03-26 20:27,2025-03-27 12:57,2025-03-28 19:39,16.5,30.7
9151262,DHA,2025-03-25 16:34,2025-03-26 15:46,2025-03-27 21:40,23.2,29.9
9367188,DHA,2025-05-04 00:56,2025-05-04 21:20,2025-05-06 03:56,20.4,30.6
9842348,DHA,2025-05-04 22:15,2025-05-06 04:45,2025-05-07 14:57,30.5,34.2
9111444,DHA,2025-05-04 01:28,2025-05-05 17:40,2025-05-08 06:46,40.2,61.1
9174447,DHA,2025-04-28 19:42,2025-04-29 20:06,2025-05-01 02:36,24.4,30.5
9174447,DHA,2025-05-26 14:25,2025-05-27 07:37,2025-05-28 14:49,17.2,31.2
9463594,DHA,2025-06-05 17:36,2025-06-07 19:54,2025-06-08 23:48,50.3,27.9
9725674,DHA,2025-05-29 14:11,2025-05-31 10:53,2025-06-01 15:47,44.7,28.9
9725674,DHA,2025-05-30 13:01,2025-06-01 04:19,2025-06-02 12:55,39.3,32.6
9278464,DHA,2025-05-29 02:40,2025-05-31 02:04,2025-06-02 11:16,47.4,57.2
9060320,DHA,2025-07-10 07:35,2025-07-11 05:23,2025-07-13 21:53,21.8,64.5
9278464,DHA,2025-07-03 10:46,2025-07-04 23:10,2025-07-07 13:04,36.4,61.9
9559190,DHA,2025-08-11 11:23,2025-08-12 20:47,2025-08-14 06:23,33.4,33.6
9686782,DHA,2025-07-26 21:16,2025-07-28 16:16,2025-07-29 21:04,43.0,28.8
9096672,DHA,2025-08-06 16:19,2025-08-08 17:13,2025-08-11 08:13,48.9,63.0
9264511,DHA,2025-08-07 10:20,2025-08-09 00:14,2025-08-10 07:50,37.9,31.6
9095119,DHA,2025-08-06 17:47,2025-08-09 14:17,2025-08-11 01:41,68.5,35.4
9559190,DHA,2025-08-04 07:27,2025-08-06 05:57,2025-08-07 17:39,46.5,35.7
9192002,DHA,2025-08-28 07:24,2025-08-29 16:54,2025-08-31 00:18,33.5,31.4
9463594,DHA,2025-09-07 14:09,2025-09-08 19:27,2025-09-10 01:21,29.3,29.9
9367188,DHA,2025-09-01 00:47,2025-09-02 06:17,2025-09-03 13:05,29.5,30.8
9191845,DHA,2025-10-10 16:34,2025-10-12 18:46,2025-10-15 01:52,50.2,55.1
9686782,DHA,2025-10-07 08:00,2025-10-09 07:54,2025-10-10 15:42,47.9,31.8
9111444,DHA,2025-10-06 12:34,2025-10-08 02:46,2025-10-10 15:16,38.2,60.5
9133209,DHA,2025-09-23 23:28,2025-09-25 16:40,2025-09-26 21:40,41.2,29.0
9404531,DHA,2025-11-06 19:14,2025-11-08 23:50,2025-11-10 05:50,52.6,30.0
9367188,DHA,2025-10-31 15:26,2025-11-03 00:50,2025-11-04 09:14,57.4,32.4
9192002,DHA,2025-10-28 11:42,2025-10-29 16:48,2025-10-31 02:18,29.1,33.5
9184777,PAR,2019-12-24 09:17,2019-12-25 09:41,2019-12-26 22:29,24.4,36.8
9260565,PAR,2020-01-06 03:13,2020-01-06 20:55,2020-01-08 10:01,17.7,37.1
9874716,PAR,2019-12-22 19:39,2019-12-23 22:15,2019-12-25 11:45,26.6,37.5
9557549,PAR,2020-01-08 19:47,2020-01-09 18:29,2020-01-11 04:41,22.7,34.2
9557549,PAR,2020-02-02 13:39,2020-02-03 04:51,2020-02-04 19:03,15.2,38.2
9462030,PAR,2020-02-02 16:13,2020-02-03 14:01,2020-02-04 23:01,21.8,33.0
9133209,PAR,2020-02-06 21:07,2020-02-07 17:19,2020-02-09 04:01,20.2,34.7
9133209,PAR,2020-01-21 21:02,2020-01-22 22:02,2020-01-24 11:32,25.0,37.5
9557549,PAR,2020-02-27 14:44,2020-02-28 15:08,2020-03-01 01:08,24.4,34.0
9339563,PAR,2020-02-28 02:10,2020-02-28 19:46,2020-03-01 09:52,17.6,38.1
9559190,PAR,2020-02-26 16:36,2020-02-27 19:30,2020-02-29 06:54,26.9,35.4
9260565,PAR,2020-02-26 21:22,2020-02-28 01:58,2020-02-29 11:10,28.6,33.2
9260565,PAR,2020-03-29 19:22,2020-03-30 14:46,2020-03-31 23:52,19.4,33.1
9559190,PAR,2020-04-03 21:55,2020-04-05 04:31,2020-04-06 13:25,30.6,32.9
9746054,PAR,2020-03-28 12:36,2020-03-29 11:36,2020-03-30 23:18,23.0,35.7
9264511,PAR,2020-04-07 04:02,2020-04-08 07:50,2020-04-09 23:20,27.8,39.5
9952378,PAR,2020-03-24 03:53,2020-03-24 22:53,2020-03-26 11:53,19.0,37.0
9559190,PAR,2020-04-28 09:28,2020-04-29 16:58,2020-05-01 05:22,31.5,36.4
9184777,PAR,2020-04-22 00:12,2020-04-23 02:06,2020-04-24 09:48,25.9,31.7
9785903,PAR,2020-04-20 04:17,2020-04-21 04:35,2020-04-22 19:47,24.3,39.2
9339563,PAR,2020-04-25 05:57,2020-04-26 07:09,2020-04-27 23:27,25.2,40.3
9192002,PAR,2020-06-09 04:45,2020-06-10 03:27,2020-06-11 16:09,22.7,36.7
9462030,PAR,2020-06-07 21:09,2020-06-08 23:15,2020-06-10 07:15,26.1,32.0
9260565,PAR,2020-07-08 21:20,2020-07-10 10:02,2020-07-11 20:44,36.7,34.7
9725674,PAR,2020-06-27 02:19,2020-06-28 23:31,2020-06-30 10:37,45.2,35.1
9095119,PAR,2020-07-02 20:57,2020-07-04 07:45,2020-07-05 22:27,34.8,38.7
9151262,PAR,2020-06-22 19:57,2020-06-25 13:03,2020-06-27 02:09,65.1,37.1
9151262,PAR,2020-06-20 00:06,2020-06-21 12:24,2020-06-23 01:54,36.3,37.5
9785903,PAR,2020-07-28 02:45,2020-07-29 07:09,2020-07-30 18:33,28.4,35.4
9260565,PAR,2020-08-01 19:58,2020-08-02 19:28,2020-08-04 06:28,23.5,35.0
9746054,PAR,2020-07-26 16:54,2020-07-28 02:18,2020-07-29 14:12,33.4,35.9
9725674,PAR,2020-09-04 07:22,2020-09-05 22:28,2020-09-07 09:16,39.1,34.8
9133209,PAR,2020-08-27 05:55,2020-08-29 00:07,2020-08-30 06:25,42.2,30.3
9404531,PAR,2020-09-07 06:34,2020-09-08 16:28,2020-09-10 06:58,33.9,38.5
9746054,PAR,2020-08-31 23:36,2020-09-02 13:12,2020-09-04 00:42,37.6,35.5
9746054,PAR,2020-10-03 21:31,2020-10-05 00:37,2020-10-06 13:07,27.1,36.5
9260565,PAR,2020-09-30 04:33,2020-10-01 23:57,2020-10-03 14:03,43.4,38.1
9686782,PAR,2020-09-18 06:36,2020-09-19 16:54,2020-09-21 06:42,34.3,37.8
9463594,PAR,2020-09-28 10:52,2020-09-30 12:40,2020-10-01 22:46,49.8,34.1
9095119,PAR,2020-10-20 04:50,2020-10-22 01:32,2020-10-23 14:26,44.7,36.9
9192002,PAR,2020-10-25 09:44,2020-10-27 05:08,2020-10-28 17:14,43.4,36.1
9404531,PAR,2020-12-05 00:08,2020-12-06 19:14,2020-12-08 04:14,43.1,33.0
9746054,PAR,2020-11-30 10:23,2020-12-02 22:35,2020-12-04 08:23,60.2,33.8
9184777,PAR,2020-12-03 12:22,2020-12-05 18:10,2020-12-07 07:10,53.8,37.0
9746054,PAR,2020-11-28 14:28,2020-11-30 22:28,2020-12-02 14:04,56.0,39.6
9339563,PAR,2020-11-25 05:58,2020-11-27 18:58,2020-11-29 09:40,61.0,38.7
9559190,PAR,2020-12-22 12:13,2020-12-24 07:13,2020-12-25 23:01,43.0,39.8
9174447,PAR,2021-01-02 21:37,2021-01-05 20:55,2021-01-07 08:49,71.3,35.9
9133209,PAR,2020-12-23 16:31,2020-12-25 13:37,2020-12-27 01:19,45.1,35.7
9686782,PAR,2020-12-26 07:22,2020-12-27 11:28,2020-12-29 01:10,28.1,37.7
9151262,PAR,2020-12-27 19:46,2020-12-30 10:58,2020-12-31 21:58,63.2,35.0
9462030,PAR,2021-01-21 11:55,2021-01-22 10:19,2021-01-23 19:31,22.4,33.2
9339563,PAR,2021-01-31 03:01,2021-01-31 19:55,2021-02-02 10:19,16.9,38.4
9952378,PAR,2021-01-18 09:38,2021-01-19 07:14,2021-01-20 15:50,21.6,32.6
9339563,PAR,2021-02-02 12:54,2021-02-03 14:06,2021-02-05 02:42,25.2,36.6
9192002,PAR,2021-02-26 01:44,2021-02-27 09:50,2021-02-28 23:38,32.1,37.8
9339563,PAR,2021-02-26 05:38,2021-02-27 17:20,2021-03-01 06:44,35.7,37.4
9842348,PAR,2021-02-26 07:37,2021-02-27 17:19,2021-03-01 06:01,33.7,36.7
9746054,PAR,2021-02-26 23:48,2021-02-27 16:18,2021-03-01 08:48,16.5,40.5
9874716,PAR,2021-03-05 21:32,2021-03-07 03:02,2021-03-08 12:20,29.5,33.3
9557549,PAR,2021-03-27 02:39,2021-03-28 00:51,2021-03-29 13:27,22.2,36.6
9952378,PAR,2021-04-01 19:39,2021-04-02 23:45,2021-04-04 08:57,28.1,33.2
9463594,PAR,2021-03-26 22:46,2021-03-27 16:40,2021-03-29 06:46,17.9,38.1
9785903,PAR,2021-03-25 18:46,2021-03-26 22:28,2021-03-28 12:10,27.7,37.7
9095119,PAR,2021-03-27 21:39,2021-03-28 20:33,2021-03-30 08:57,22.9,36.4
9686782,PAR,2021-04-17 07:34,2021-04-18 01:16,2021-04-19 12:46,17.7,35.5
9785903,PAR,2021-04-18 00:32,2021-04-18 17:14,2021-04-20 06:50,16.7,37.6
9462030,PAR,2021-04-21 15:04,2021-04-22 15:10,2021-04-23 22:52,24.1,31.7
9192002,PAR,2021-05-18 19:13,2021-05-19 16:01,2021-05-21 02:07,20.8,34.1
9339563,PAR,2021-06-02 06:48,2021-06-03 03:36,2021-06-04 15:48,20.8,36.2
9339563,PAR,2021-06-15 10:07,2021-06-16 20:55,2021-06-18 12:49,34.8,39.9
9095119,PAR,2021-06-20 03:14,2021-06-22 19:08,2021-06-24 08:02,63.9,36.9
9557549,PAR,2021-06-29 05:14,2021-06-30 13:20,2021-07-02 02:44,32.1,37.4
9367188,PAR,2021-07-23 21:57,2021-07-25 21:39,2021-07-27 08:03,47.7,34.4
9264511,PAR,2021-07-25 23:19,2021-07-27 19:49,2021-07-29 10:25,44.5,38.6
9725674,PAR,2021-07-19 00:06,2021-07-20 19:30,2021-07-22 07:30,43.4,36.0
9264511,PAR,2021-07-22 20:29,2021-07-24 17:05,2021-07-26 05:17,44.6,36.2
9339563,PAR,2021-07-22 16:54,2021-07-24 04:54,2021-07-25 16:00,36.0,35.1
9260565,PAR,2021-08-28 11:38,2021-08-30 18:02,2021-09-01 07:32,54.4,37.5
9462030,PAR,2021-08-29 18:03,2021-08-31 03:21,2021-09-01 11:33,33.3,32.2
9842348,PAR,2021-09-26 11:52,2021-09-28 00:10,2021-09-29 08:16,36.3,32.1
9174447,PAR,2021-09-22 19:59,2021-09-24 02:47,2021-09-25 14:41,30.8,35.9
9264511,PAR,2021-09-29 00:06,2021-09-30 12:12,2021-10-02 00:24,36.1,36.2
9192002,PAR,2021-10-28 00:05,2021-10-29 22:17,2021-10-31 10:23,46.2,36.1
9264511,PAR,2021-10-27 23:54,2021-10-29 06:54,2021-10-30 22:00,31.0,39.1
9133209,PAR,2021-10-20 05:48,2021-10-22 04:12,2021-10-23 12:06,46.4,31.9
9725674,PAR,2021-10-21 10:17,2021-10-23 11:59,2021-10-25 00:59,49.7,37.0
9184777,PAR,2021-11-26 22:48,2021-11-28 20:42,2021-11-30 10:12,45.9,37.5
9339563,PAR,2021-11-17 16:01,2021-11-19 20:37,2021-11-21 10:55,52.6,38.3
9174447,PAR,2021-11-16 04:15,2021-11-17 09:39,2021-11-18 23:27,29.4,37.8
9174447,PAR,2021-12-22 23:20,2021-12-24 23:02,2021-12-26 10:32,47.7,35.5
9746054,PAR,2021-12-12 12:20,2021-12-14 17:44,2021-12-16 05:32,53.4,35.8
9746054,PAR,2021-12-12 23:58,2021-12-14 15:16,2021-12-16 01:40,39.3,34.4
9785903,PAR,2021-12-15 14:33,2021-12-16 22:03,2021-12-18 10:45,31.5,36.7
9133209,PAR,2022-01-16 22:41,2022-01-17 23:41,2022-01-19 11:35,25.0,35.9
9231171,PAR,2022-01-26 07:08,2022-01-27 08:44,2022-01-28 18:56,25.6,34.2
9785903,PAR,2022-01-17 17:46,2022-01-18 13:46,2022-01-20 03:28,20.0,37.7
9367188,PAR,2022-01-14 01:08,2022-01-15 04:02,2022-01-16 18:38,26.9,38.6
9260565,PAR,2022-02-17 21:00,2022-02-18 14:36,2022-02-20 01:06,17.6,34.5
9095119,PAR,2022-02-13 02:51,2022-02-14 03:51,2022-02-15 15:03,25.0,35.2
9463594,PAR,2022-02-21 04:00,2022-02-21 22:30,2022-02-23 07:24,18.5,32.9
9463594,PAR,2022-02-23 08:12,2022-02-24 07:24,2022-02-25 17:54,23.2,34.5
9174447,PAR,2022-02-24 21:15,2022-02-25 19:33,2022-02-27 09:45,22.3,38.2
9638539,PAR,2022-03-17 05:52,2022-03-18 03:40,2022-03-19 17:22,21.8,37.7
9184777,PAR,2022-03-25 15:10,2022-03-27 00:34,2022-03-28 09:40,33.4,33.1
9874716,PAR,2022-03-22 10:42,2022-03-23 16:00,2022-03-25 05:36,29.3,37.6
9184777,PAR,2022-03-13 03:48,2022-03-14 03:42,2022-03-15 12:06,23.9,32.4
9785903,PAR,2022-03-15 20:42,2022-03-16 19:24,2022-03-18 10:00,22.7,38.6
9264511,PAR,2022-04-16 15:50,2022-04-17 15:02,2022-04-19 03:20,23.2,36.3
9151262,PAR,2022-04-11 12:41,2022-04-12 08:29,2022-04-13 18:47,19.8,34.3
9184777,PAR,2022-04-21 18:06,2022-04-22 14:30,2022-04-24 03:06,20.4,36.6
9746054,PAR,2022-04-21 08:23,2022-04-22 06:47,2022-04-23 15:41,22.4,32.9
9184777,PAR,2022-05-11 07:18,2022-05-12 08:12,2022-05-13 20:00,24.9,35.8
9557549,PAR,2022-05-21 08:32,2022-05-21 21:50,2022-05-23 09:38,13.3,35.8
9842348,PAR,2022-05-23 13:11,2022-05-24 20:35,2022-05-26 05:29,31.4,32.9
9725674,PAR,2022-06-21 09:49,2022-06-23 03:25,2022-06-24 10:25,41.6,31.0
9725674,PAR,2022-06-14 06:59,2022-06-15 14:47,2022-06-17 04:35,31.8,37.8
9952378,PAR,2022-06-20 22:35,2022-06-22 05:23,2022-06-23 16:29,30.8,35.1
9557549,PAR,2022-07-13 20:48,2022-07-15 22:42,2022-07-17 13:24,49.9,38.7
9184777,PAR,2022-07-26 22:25,2022-07-28 04:37,2022-07-29 13:43,30.2,33.1
9952378,PAR,2022-08-14 07:43,2022-08-16 00:25,2022-08-17 08:37,40.7,32.2
9638539,PAR,2022-09-22 00:27,2022-09-23 11:21,2022-09-24 22:39,34.9,35.3
9874716,PAR,2022-09-12 05:04,2022-09-14 10:04,2022-09-15 23:16,53.0,37.2
9174447,PAR,2022-09-07 08:48,2022-09-08 21:54,2022-09-10 07:00,37.1,33.1
9174447,PAR,2022-10-23 15:38,2022-10-25 06:08,2022-10-26 18:56,38.5,36.8
9095119,PAR,2022-10-23 21:44,2022-10-25 17:20,2022-10-27 06:20,43.6,37.0
9842348,PAR,2022-11-10 23:49,2022-11-12 20:43,2022-11-14 09:01,44.9,36.3
9192002,PAR,2022-11-26 05:34,2022-11-28 08:52,2022-11-29 23:40,51.3,38.8
9638539,PAR,2022-11-17 08:56,2022-11-19 16:14,2022-11-21 04:02,55.3,35.8
9367188,PAR,2022-11-13 21:18,2022-11-15 13:24,2022-11-17 01:30,40.1,36.1
9260565,PAR,2022-12-13 03:38,2022-12-15 00:20,2022-12-16 12:02,44.7,35.7
9638539,PAR,2023-01-16 22:41,2023-01-17 16:11,2023-01-19 04:41,17.5,36.5
9339563,PAR,2023-01-15 13:42,2023-01-16 14:54,2023-01-18 06:42,25.2,39.8
9686782,PAR,2023-01-23 04:47,2023-01-24 04:29,2023-01-25 17:59,23.7,37.5
9339563,PAR,2023-01-13 21:47,2023-01-15 09:17,2023-01-16 19:53,35.5,34.6
9686782,PAR,2023-02-20 06:21,2023-02-20 23:27,2023-02-22 08:21,17.1,32.9
9952378,PAR,2023-02-14 01:23,2023-02-15 08:41,2023-02-16 17:59,31.3,33.3
9339563,PAR,2023-02-06 08:18,2023-02-06 19:30,2023-02-08 05:36,11.2,34.1
9095119,PAR,2023-03-16 04:00,2023-03-17 03:18,2023-03-18 16:18,23.3,37.0
9151262,PAR,2023-04-16 14:14,2023-04-17 12:50,2023-04-18 23:38,22.6,34.8
9231171,PAR,2023-04-08 19:38,2023-04-10 04:44,2023-04-11 15:38,33.1,34.9
9725674,PAR,2023-04-14 14:56,2023-04-15 16:20,2023-04-17 06:08,25.4,37.8
9260565,PAR,2023-04-24 09:15,2023-04-25 06:57,2023-04-26 20:45,21.7,37.8
9192002,PAR,2023-04-13 18:14,2023-04-14 18:08,2023-04-16 07:56,23.9,37.8
9133209,PAR,2023-05-17 14:43,2023-05-18 12:37,2023-05-20 00:49,21.9,36.2
9686782,PAR,2023-05-25 00:15,2023-05-25 21:57,2023-05-27 08:39,21.7,34.7
9559190,PAR,2023-05-20 18:08,2023-05-21 10:26,2023-05-22 23:44,16.3,37.3
9174447,PAR,2023-06-15 09:02,2023-06-17 15:38,2023-06-18 23:32,54.6,31.9
9184777,PAR,2023-06-07 04:09,2023-06-09 00:03,2023-06-10 11:33,43.9,35.5
9462030,PAR,2023-06-13 16:47,2023-06-15 05:17,2023-06-16 13:35,36.5,32.3
9638539,PAR,2023-06-11 09:26,2023-06-13 03:02,2023-06-14 16:02,41.6,37.0
9174447,PAR,2023-07-06 17:05,2023-07-08 04:05,2023-07-09 14:23,35.0,34.3
9463594,PAR,2023-07-05 21:00,2023-07-07 12:54,2023-07-08 22:42,39.9,33.8
9638539,PAR,2023-07-23 12:47,2023-07-25 07:05,2023-07-26 18:29,42.3,35.4
9842348,PAR,2023-08-13 16:17,2023-08-15 21:05,2023-08-17 11:23,52.8,38.3
9133209,PAR,2023-08-08 20:19,2023-08-11 05:43,2023-08-12 13:25,57.4,31.7
9260565,PAR,2023-08-09 10:32,2023-08-10 19:14,2023-08-12 06:50,32.7,35.6
9725674,PAR,2023-09-20 20:20,2023-09-22 08:26,2023-09-23 21:02,36.1,36.6
9638539,PAR,2023-10-10 08:53,2023-10-12 00:23,2023-10-13 07:47,39.5,31.4
9686782,PAR,2023-10-14 23:40,2023-10-16 11:04,2023-10-17 23:28,35.4,36.4
9638539,PAR,2023-10-06 03:11,2023-10-08 04:41,2023-10-09 14:17,49.5,33.6
9463594,PAR,2023-10-15 22:15,2023-10-18 04:03,2023-10-19 14:45,53.8,34.7
9184777,PAR,2023-11-21 10:04,2023-11-23 08:28,2023-11-24 18:22,46.4,33.9
9264511,PAR,2023-11-03 16:25,2023-11-06 10:49,2023-11-08 02:25,66.4,39.6
9952378,PAR,2023-11-14 12:12,2023-11-16 03:54,2023-11-17 18:24,39.7,38.5
9264511,PAR,2023-11-02 12:14,2023-11-04 22:44,2023-11-06 09:56,58.5,35.2
9192002,PAR,2023-12-09 04:29,2023-12-11 02:29,2023-12-12 12:53,46.0,34.4
9260565,PAR,2023-12-18 22:12,2023-12-21 16:12,2023-12-23 02:30,66.0,34.3
9842348,PAR,2023-12-20 02:42,2023-12-21 18:00,2023-12-23 03:48,39.3,33.8
9133209,PAR,2023-12-11 15:19,2023-12-13 17:31,2023-12-15 05:55,50.2,36.4
9463594,PAR,2023-12-05 22:10,2023-12-07 12:34,2023-12-08 21:10,38.4,32.6
9874716,PAR,2024-01-05 14:07,2024-01-06 14:43,2024-01-07 22:37,24.6,31.9
9184777,PAR,2024-01-16 10:40,2024-01-17 02:52,2024-01-18 10:16,16.2,31.4
9339563,PAR,2024-01-04 15:24,2024-01-05 19:18,2024-01-07 09:24,27.9,38.1
9264511,PAR,2024-01-07 21:36,2024-01-09 04:12,2024-01-10 14:18,30.6,34.1
9095119,PAR,2024-02-08 15:52,2024-02-09 12:10,2024-02-11 00:16,20.3,36.1
9952378,PAR,2024-02-12 16:44,2024-02-13 17:32,2024-02-15 07:38,24.8,38.1
9404531,PAR,2024-02-06 02:24,2024-02-07 03:24,2024-02-08 16:30,25.0,37.1
9725674,PAR,2024-02-05 08:25,2024-02-06 10:31,2024-02-07 18:55,26.1,32.4
9231171,PAR,2024-03-14 00:15,2024-03-14 18:45,2024-03-16 03:21,18.5,32.6
9638539,PAR,2024-03-02 11:49,2024-03-03 13:19,2024-03-05 01:07,25.5,35.8
9686782,PAR,2024-03-14 04:01,2024-03-15 00:49,2024-03-16 10:55,20.8,34.1
9133209,PAR,2024-04-14 10:12,2024-04-15 04:24,2024-04-16 14:54,18.2,34.5
9842348,PAR,2024-04-13 19:02,2024-04-14 15:50,2024-04-16 04:44,20.8,36.9
9192002,PAR,2024-04-13 10:12,2024-04-14 16:12,2024-04-16 05:18,30.0,37.1
9785903,PAR,2024-05-04 13:06,2024-05-05 19:30,2024-05-07 07:54,30.4,36.4
9231171,PAR,2024-05-02 16:01,2024-05-04 05:01,2024-05-05 17:19,37.0,36.3
9174447,PAR,2024-05-14 13:08,2024-05-15 16:56,2024-05-17 06:02,27.8,37.1
9339563,PAR,2024-05-04 21:34,2024-05-05 18:40,2024-05-07 08:34,21.1,37.9
9184777,PAR,2024-04-30 18:11,2024-05-02 02:17,2024-05-03 12:35,32.1,34.3
9339563,PAR,2024-05-16 10:37,2024-05-17 16:19,2024-05-19 04:31,29.7,36.2
9231171,PAR,2024-06-04 20:52,2024-06-07 17:58,2024-06-09 04:52,69.1,34.9
9559190,PAR,2024-06-02 00:47,2024-06-03 07:17,2024-06-04 16:53,30.5,33.6
9686782,PAR,2024-05-31 22:57,2024-06-03 01:57,2024-06-04 12:51,51.0,34.9
9557549,PAR,2024-05-30 13:26,2024-06-01 03:56,2024-06-02 12:08,38.5,32.2
9192002,PAR,2024-06-02 08:03,2024-06-03 23:33,2024-06-05 10:03,39.5,34.5
9746054,PAR,2024-07-09 23:09,2024-07-11 12:57,2024-07-13 00:21,37.8,35.4
9192002,PAR,2024-07-16 02:49,2024-07-17 11:13,2024-07-18 23:13,32.4,36.0
9133209,PAR,2024-07-05 20:06,2024-07-07 16:18,2024-07-09 02:36,44.2,34.3
9339563,PAR,2024-07-05 06:05,2024-07-06 21:53,2024-07-08 12:29,39.8,38.6
9559190,PAR,2024-07-12 13:07,2024-07-13 21:19,2024-07-15 06:07,32.2,32.8
9463594,PAR,2024-08-11 09:48,2024-08-12 16:36,2024-08-14 03:42,30.8,35.1
9339563,PAR,2024-08-08 18:04,2024-08-09 23:28,2024-08-11 15:04,29.4,39.6
9842348,PAR,2024-08-17 01:38,2024-08-18 20:44,2024-08-20 05:20,43.1,32.6
9785903,PAR,2024-09-01 23:02,2024-09-03 06:32,2024-09-04 21:20,31.5,38.8
9686782,PAR,2024-09-13 13:38,2024-09-15 14:14,2024-09-17 04:56,48.6,38.7
9842348,PAR,2024-09-10 10:57,2024-09-11 12:15,2024-09-13 01:15,25.3,37.0
9174447,PAR,2024-09-16 00:31,2024-09-17 23:37,2024-09-19 09:55,47.1,34.3
9260565,PAR,2024-10-04 12:17,2024-10-06 14:35,2024-10-07 22:35,50.3,32.0
9686782,PAR,2024-10-08 23:48,2024-10-10 18:06,2024-10-12 04:30,42.3,34.4
9952378,PAR,2024-09-28 21:28,2024-09-30 22:58,2024-10-02 10:28,49.5,35.5
9367188,PAR,2024-10-13 04:45,2024-10-15 01:21,2024-10-16 10:15,44.6,32.9
9952378,PAR,2024-11-03 15:45,2024-11-05 20:57,2024-11-07 10:45,53.2,37.8
9184777,PAR,2024-10-26 10:48,2024-10-28 21:06,2024-10-30 09:48,58.3,36.7
9133209,PAR,2024-10-30 17:58,2024-11-01 07:16,2024-11-02 20:16,37.3,37.0
9339563,PAR,2024-12-06 13:29,2024-12-08 10:23,2024-12-09 21:29,44.9,35.1
9785903,PAR,2024-12-08 06:54,2024-12-09 20:30,2024-12-11 06:54,37.6,34.4
9462030,PAR,2024-12-31 07:51,2025-01-01 06:15,2025-01-02 14:39,22.4,32.4
9184777,PAR,2024-12-30 20:31,2024-12-31 13:43,2025-01-02 01:37,17.2,35.9
9725674,PAR,2024-12-29 12:33,2024-12-31 03:57,2025-01-01 14:45,39.4,34.8
9463594,PAR,2024-12-29 13:38,2024-12-30 14:44,2025-01-01 01:50,25.1,35.1
9231171,PAR,2025-01-25 10:18,2025-01-26 16:12,2025-01-28 02:12,29.9,34.0
9367188,PAR,2025-01-30 01:50,2025-01-30 14:38,2025-02-01 02:56,12.8,36.3
9264511,PAR,2025-01-28 21:37,2025-01-30 02:43,2025-01-31 19:25,29.1,40.7
9463594,PAR,2025-01-25 10:02,2025-01-26 09:14,2025-01-27 18:26,23.2,33.2
9184777,PAR,2025-03-13 06:16,2025-03-14 02:04,2025-03-15 13:34,19.8,35.5
9151262,PAR,2025-02-28 21:23,2025-03-01 17:59,2025-03-03 04:29,20.6,34.5
9785903,PAR,2025-02-28 01:12,2025-03-01 09:24,2025-03-02 23:54,32.2,38.5
9184777,PAR,2025-03-08 07:05,2025-03-09 10:41,2025-03-10 21:41,27.6,35.0
9952378,PAR,2025-04-13 15:42,2025-04-14 10:06,2025-04-15 21:18,18.4,35.2
9260565,PAR,2025-04-07 14:36,2025-04-08 11:12,2025-04-09 20:30,20.6,33.3
9339563,PAR,2025-03-28 01:56,2025-03-29 02:44,2025-03-30 16:26,24.8,37.7
9260565,PAR,2025-03-27 20:40,2025-03-28 23:46,2025-03-30 12:46,27.1,37.0
9842348,PAR,2025-05-04 23:45,2025-05-05 20:45,2025-05-07 04:21,21.0,31.6
9874716,PAR,2025-04-27 17:24,2025-04-28 08:00,2025-04-29 18:42,14.6,34.7
9264511,PAR,2025-05-12 20:22,2025-05-13 22:52,2025-05-15 08:46,26.5,33.9
9367188,PAR,2025-05-04 07:31,2025-05-05 12:49,2025-05-07 02:13,29.3,37.4
9842348,PAR,2025-04-30 02:36,2025-05-01 04:00,2025-05-02 16:18,25.4,36.3
9367188,PAR,2025-06-13 14:34,2025-06-15 01:58,2025-06-16 15:22,35.4,37.4
9133209,PAR,2025-06-09 05:17,2025-06-11 17:59,2025-06-13 02:41,60.7,32.7
9095119,PAR,2025-06-11 09:19,2025-06-12 20:43,2025-06-14 09:07,35.4,36.4
9192002,PAR,2025-05-31 17:44,2025-06-02 18:08,2025-06-04 06:02,48.4,35.9
9462030,PAR,2025-06-01 10:59,2025-06-03 08:53,2025-06-04 19:35,45.9,34.7
9184777,PAR,2025-07-06 18:29,2025-07-08 01:47,2025-07-09 13:05,31.3,35.3
9404531,PAR,2025-07-08 16:22,2025-07-09 18:52,2025-07-11 09:34,26.5,38.7
9133209,PAR,2025-08-03 06:43,2025-08-04 12:43,2025-08-06 02:31,30.0,37.8
9785903,PAR,2025-07-31 09:40,2025-08-02 04:52,2025-08-03 16:28,43.2,35.6
9367188,PAR,2025-08-04 14:08,2025-08-05 23:14,2025-08-07 10:14,33.1,35.0
9463594,PAR,2025-07-27 08:47,2025-07-29 02:05,2025-07-30 16:17,41.3,38.2
9260565,PAR,2025-07-24 23:27,2025-07-26 15:39,2025-07-27 23:39,40.2,32.0
9952378,PAR,2025-08-25 08:20,2025-08-26 15:44,2025-08-28 03:32,31.4,35.8
9686782,PAR,2025-08-24 08:13,2025-08-25 10:49,2025-08-26 22:43,26.6,35.9
9367188,PAR,2025-08-26 20:14,2025-08-28 06:20,2025-08-29 19:20,34.1,37.0
9874716,PAR,2025-08-30 09:45,2025-09-01 08:09,2025-09-02 20:51,46.4,36.7
9404531,PAR,2025-09-30 00:09,2025-10-01 21:09,2025-10-03 11:27,45.0,38.3
9174447,PAR,2025-09-28 02:45,2025-09-29 21:09,2025-10-01 09:39,42.4,36.5
9404531,PAR,2025-09-30 08:48,2025-10-02 00:54,2025-10-03 12:18,40.1,35.4
9638539,PAR,2025-10-24 16:25,2025-10-26 09:31,2025-10-27 23:37,41.1,38.1
9264511,PAR,2025-11-07 19:38,2025-11-09 23:02,2025-11-11 10:26,51.4,35.4
9557549,PAR,2025-11-09 04:47,2025-11-11 12:35,2025-11-13 02:29,55.8,37.9
9404531,VIZ,2020-01-09 21:04,2020-01-10 15:16,2020-01-12 10:16,18.2,43.0
9874716,VIZ,2019-12-23 15:01,2019-12-24 05:25,2019-12-25 20:19,14.4,38.9
9264511,VIZ,2020-01-27 19:14,2020-01-28 10:56,2020-01-30 03:44,15.7,40.8
9095119,VIZ,2020-02-08 16:54,2020-02-09 10:06,2020-02-11 03:18,17.2,41.2
9559190,VIZ,2020-02-04 17:07,2020-02-05 18:31,2020-02-07 12:55,25.4,42.4
9746054,VIZ,2020-02-26 22:12,2020-02-28 06:54,2020-03-01 01:18,32.7,42.4
9264511,VIZ,2020-03-09 05:00,2020-03-10 02:18,2020-03-11 18:48,21.3,40.5
9264511,VIZ,2020-02-21 19:49,2020-02-22 13:01,2020-02-24 07:25,17.2,42.4
9192002,VIZ,2020-03-08 02:48,2020-03-09 05:00,2020-03-10 22:30,26.2,41.5
9231171,VIZ,2020-04-09 09:19,2020-04-10 04:49,2020-04-11 21:07,19.5,40.3
9133209,VIZ,2020-03-29 02:08,2020-03-29 23:14,2020-03-31 10:38,21.1,35.4
9557549,VIZ,2020-04-05 07:18,2020-04-06 06:42,2020-04-07 22:00,23.4,39.3
9260565,VIZ,2020-04-27 09:06,2020-04-28 03:36,2020-04-29 18:24,18.5,38.8
9260565,VIZ,2020-04-27 08:40,2020-04-28 04:22,2020-04-29 17:34,19.7,37.2
9746054,VIZ,2020-05-05 16:26,2020-05-06 16:32,2020-05-08 10:02,24.1,41.5
9260565,VIZ,2020-04-22 04:45,2020-04-23 00:27,2020-04-24 13:51,19.7,37.4
9367188,VIZ,2020-05-28 07:09,2020-05-29 12:45,2020-05-31 05:33,29.6,40.8
9264511,VIZ,2020-06-05 11:22,2020-06-06 08:04,2020-06-08 05:04,20.7,45.0
9785903,VIZ,2020-05-24 08:28,2020-05-25 09:22,2020-05-27 03:28,24.9,42.1
9874716,VIZ,2020-05-24 16:18,2020-05-25 11:18,2020-05-27 05:24,19.0,42.1
9260565,VIZ,2020-06-06 08:25,2020-06-07 09:25,2020-06-09 03:37,25.0,42.2
9339563,VIZ,2020-06-02 08:41,2020-06-03 04:47,2020-06-04 23:47,20.1,43.0
9874716,VIZ,2020-06-25 08:57,2020-06-27 02:09,2020-06-28 18:09,41.2,40.0
9746054,VIZ,2020-07-06 20:41,2020-07-08 13:23,2020-07-10 04:47,40.7,39.4
9174447,VIZ,2020-07-02 18:55,2020-07-04 12:37,2020-07-06 04:01,41.7,39.4
9404531,VIZ,2020-08-01 15:48,2020-08-03 05:36,2020-08-04 22:06,37.8,40.5
9638539,VIZ,2020-08-02 18:27,2020-08-04 03:51,2020-08-05 18:09,33.4,38.3
9725674,VIZ,2020-08-29 14:59,2020-08-31 16:29,2020-09-02 05:59,49.5,37.5
9557549,VIZ,2020-08-22 09:37,2020-08-23 18:55,2020-08-25 07:49,33.3,36.9
9557549,VIZ,2020-08-22 10:51,2020-08-24 00:27,2020-08-25 13:33,37.6,37.1
9095119,VIZ,2020-09-28 05:49,2020-09-29 11:49,2020-10-01 04:43,30.0,40.9
9184777,VIZ,2020-10-02 13:01,2020-10-04 05:37,2020-10-05 21:37,40.6,40.0
9686782,VIZ,2020-09-27 03:43,2020-09-28 14:01,2020-09-30 05:19,34.3,39.3
9174447,VIZ,2020-09-17 17:37,2020-09-19 21:55,2020-09-21 11:43,52.3,37.8
9231171,VIZ,2020-11-03 08:54,2020-11-05 05:30,2020-11-06 17:48,44.6,36.3
9874716,VIZ,2020-10-18 08:15,2020-10-20 05:39,2020-10-21 23:15,45.4,41.6
9952378,VIZ,2020-11-04 20:24,2020-11-06 00:00,2020-11-07 12:48,27.6,36.8
9952378,VIZ,2020-10-25 20:02,2020-10-27 17:56,2020-10-29 12:14,45.9,42.3
9746054,VIZ,2020-11-18 01:24,2020-11-20 04:24,2020-11-21 22:06,51.0,41.7
9746054,VIZ,2020-11-29 00:29,2020-11-30 21:29,2020-12-02 15:23,45.0,41.9
9404531,VIZ,2020-12-01 10:31,2020-12-04 06:19,2020-12-05 22:13,67.8,39.9
9184777,VIZ,2020-11-21 06:18,2020-11-22 19:54,2020-11-24 09:06,37.6,37.2
9151262,VIZ,2020-12-22 08:36,2020-12-23 20:00,2020-12-25 14:18,35.4,42.3
9260565,VIZ,2020-12-20 07:25,2020-12-22 16:43,2020-12-24 08:13,57.3,39.5
9746054,VIZ,2021-01-03 05:35,2021-01-05 06:23,2021-01-06 23:29,48.8,41.1
9638539,VIZ,2021-01-16 14:34,2021-01-17 15:40,2021-01-19 06:40,25.1,39.0
9557549,VIZ,2021-01-20 07:32,2021-01-21 05:50,2021-01-22 21:56,22.3,40.1
9192002,VIZ,2021-02-01 13:06,2021-02-02 18:00,2021-02-04 13:12,28.9,43.2
9952378,VIZ,2021-01-20 03:37,2021-01-21 01:25,2021-01-22 16:01,21.8,38.6
9842348,VIZ,2021-01-23 23:33,2021-01-25 04:45,2021-01-26 19:03,29.2,38.3
9260565,VIZ,2021-02-16 09:44,2021-02-17 07:32,2021-02-18 18:44,21.8,35.2
9463594,VIZ,2021-03-01 19:37,2021-03-02 22:07,2021-03-04 14:43,26.5,40.6
9725674,VIZ,2021-02-28 01:02,2021-02-28 17:20,2021-03-02 08:14,16.3,38.9
9874716,VIZ,2021-02-21 17:49,2021-02-22 17:43,2021-02-24 12:43,23.9,43.0
9874716,VIZ,2021-03-31 15:56,2021-04-01 21:08,2021-04-03 10:02,29.2,36.9
9260565,VIZ,2021-03-31 11:52,2021-04-01 16:04,2021-04-03 09:22,28.2,41.3
9231171,VIZ,2021-03-20 04:39,2021-03-20 18:15,2021-03-22 08:57,13.6,38.7
9260565,VIZ,2021-04-30 20:28,2021-05-01 18:22,2021-05-03 11:04,21.9,40.7
9231171,VIZ,2021-04-22 22:56,2021-04-23 19:50,2021-04-25 12:02,20.9,40.2
9638539,VIZ,2021-04-28 23:10,2021-04-30 12:46,2021-05-02 01:58,37.6,37.2
9095119,VIZ,2021-05-02 16:01,2021-05-03 10:55,2021-05-05 06:01,18.9,43.1
9367188,VIZ,2021-04-30 14:54,2021-05-01 09:18,2021-05-03 05:42,18.4,44.4
9686782,VIZ,2021-05-23 21:02,2021-05-24 16:02,2021-05-26 11:14,19.0,43.2
9260565,VIZ,2021-05-23 04:52,2021-05-24 05:34,2021-05-25 19:04,24.7,37.5
9260565,VIZ,2021-06-19 05:08,2021-06-20 11:14,2021-06-22 02:32,30.1,39.3
9463594,VIZ,2021-07-03 02:05,2021-07-04 18:35,2021-07-06 10:53,40.5,40.3
9785903,VIZ,2021-08-01 07:23,2021-08-03 10:29,2021-08-05 01:59,51.1,39.5
9367188,VIZ,2021-07-20 10:23,2021-07-22 01:05,2021-07-23 16:29,38.7,39.4
9264511,VIZ,2021-07-26 17:28,2021-07-28 16:40,2021-07-30 11:34,47.2,42.9
9192002,VIZ,2021-07-17 15:11,2021-07-19 05:17,2021-07-20 22:35,38.1,41.3
9462030,VIZ,2021-07-24 09:23,2021-07-26 06:53,2021-07-27 22:35,45.5,39.7
9842348,VIZ,2021-08-26 05:27,2021-08-27 17:51,2021-08-29 12:09,36.4,42.3
9133209,VIZ,2021-08-27 18:34,2021-08-29 07:46,2021-08-30 23:28,37.2,39.7
9339563,VIZ,2021-08-27 09:56,2021-08-29 09:38,2021-08-31 02:14,47.7,40.6
9874716,VIZ,2021-08-18 02:57,2021-08-19 12:57,2021-08-21 02:45,34.0,37.8
9638539,VIZ,2021-09-22 14:36,2021-09-23 23:00,2021-09-25 15:12,32.4,40.2
9559190,VIZ,2021-09-17 06:26,2021-09-18 02:38,2021-09-19 22:08,20.2,43.5
9557549,VIZ,2021-09-12 14:38,2021-09-14 04:56,2021-09-15 22:50,38.3,41.9
9231171,VIZ,2021-10-12 07:40,2021-10-14 03:16,2021-10-15 19:16,43.6,40.0
9952378,VIZ,2021-10-22 12:28,2021-10-24 22:58,2021-10-26 13:04,58.5,38.1
9264511,VIZ,2021-10-21 01:03,2021-10-23 06:45,2021-10-24 23:03,53.7,40.3
9559190,VIZ,2021-10-29 05:20,2021-10-31 13:14,2021-11-02 07:20,55.9,42.1
9264511,VIZ,2021-11-12 01:25,2021-11-14 07:13,2021-11-16 00:25,53.8,41.2
9725674,VIZ,2021-11-21 04:03,2021-11-23 01:57,2021-11-24 17:03,45.9,39.1
9842348,VIZ,2021-11-14 23:18,2021-11-17 00:42,2021-11-18 19:12,49.4,42.5
9557549,VIZ,2021-11-24 18:01,2021-11-26 13:25,2021-11-28 02:55,43.4,37.5
9151262,VIZ,2021-12-13 23:55,2021-12-15 12:07,2021-12-17 07:37,36.2,43.5
9874716,VIZ,2021-12-26 15:24,2021-12-27 23:42,2021-12-29 14:54,32.3,39.2
9785903,VIZ,2021-12-24 21:04,2021-12-26 15:46,2021-12-28 09:52,42.7,42.1
9151262,VIZ,2022-01-24 09:54,2022-01-25 13:06,2022-01-27 02:36,27.2,37.5
9184777,VIZ,2022-01-19 09:34,2022-01-20 07:04,2022-01-21 23:10,21.5,40.1
9559190,VIZ,2022-01-25 13:30,2022-01-26 15:54,2022-01-28 09:00,26.4,41.1
9260565,VIZ,2022-02-22 19:13,2022-02-23 10:49,2022-02-25 03:37,15.6,40.8
9842348,VIZ,2022-02-14 12:10,2022-02-15 09:34,2022-02-16 22:22,21.4,36.8
9260565,VIZ,2022-02-14 10:55,2022-02-15 20:49,2022-02-17 12:49,33.9,40.0
9874716,VIZ,2022-02-28 11:43,2022-03-01 03:01,2022-03-02 19:43,15.3,40.7
9725674,VIZ,2022-03-22 11:53,2022-03-23 08:59,2022-03-25 01:23,21.1,40.4
9260565,VIZ,2022-03-25 17:24,2022-03-26 16:48,2022-03-28 10:12,23.4,41.4
9725674,VIZ,2022-03-12 19:36,2022-03-13 18:30,2022-03-15 08:54,22.9,38.4
9746054,VIZ,2022-04-29 19:21,2022-04-30 15:21,2022-05-02 08:27,20.0,41.1
9874716,VIZ,2022-04-20 20:05,2022-04-21 17:17,2022-04-23 07:23,21.2,38.1
9404531,VIZ,2022-04-15 21:32,2022-04-16 10:02,2022-04-18 03:32,12.5,41.5
9367188,VIZ,2022-05-15 10:29,2022-05-16 14:29,2022-05-18 09:59,28.0,43.5
9874716,VIZ,2022-05-25 02:03,2022-05-26 07:27,2022-05-27 23:15,29.4,39.8
9260565,VIZ,2022-05-29 12:33,2022-05-30 21:51,2022-06-01 10:51,33.3,37.0
9404531,VIZ,2022-05-26 05:06,2022-05-27 07:36,2022-05-29 00:12,26.5,40.6
9725674,VIZ,2022-05-13 20:27,2022-05-15 02:33,2022-05-16 21:03,30.1,42.5
9462030,VIZ,2022-06-20 21:29,2022-06-22 20:35,2022-06-24 10:47,47.1,38.2
9462030,VIZ,2022-06-20 05:49,2022-06-22 18:13,2022-06-24 06:43,60.4,36.5
9133209,VIZ,2022-06-21 10:43,2022-06-23 06:31,2022-06-25 00:37,43.8,42.1
9231171,VIZ,2022-06-13 09:21,2022-06-15 05:39,2022-06-16 20:03,44.3,38.4
9260565,VIZ,2022-07-10 17:45,2022-07-12 06:09,2022-07-13 18:39,36.4,36.5
9874716,VIZ,2022-07-18 11:09,2022-07-19 13:39,2022-07-21 04:33,26.5,38.9
9559190,VIZ,2022-08-20 01:24,2022-08-21 14:54,2022-08-23 08:06,37.5,41.2
9184777,VIZ,2022-08-25 20:22,2022-08-27 15:04,2022-08-29 07:52,42.7,40.8
9952378,VIZ,2022-08-12 09:08,2022-08-14 01:02,2022-08-15 18:44,39.9,41.7
9559190,VIZ,2022-08-08 06:48,2022-08-10 02:54,2022-08-11 16:54,44.1,38.0
9231171,VIZ,2022-09-13 10:18,2022-09-16 12:18,2022-09-18 06:36,74.0,42.3
9557549,VIZ,2022-09-25 21:45,2022-09-27 16:09,2022-09-29 04:57,42.4,36.8
9638539,VIZ,2022-09-26 09:07,2022-09-28 17:31,2022-09-30 06:31,56.4,37.0
9260565,VIZ,2022-09-14 21:09,2022-09-17 09:03,2022-09-19 02:21,59.9,41.3
9339563,VIZ,2022-09-18 22:47,2022-09-20 01:53,2022-09-21 20:41,27.1,42.8
9746054,VIZ,2022-09-18 20:28,2022-09-20 10:28,2022-09-22 04:40,38.0,42.2
9174447,VIZ,2022-10-07 13:32,2022-10-09 05:44,2022-10-11 01:32,40.2,43.8
9785903,VIZ,2022-10-13 21:33,2022-10-16 00:39,2022-10-17 21:33,51.1,44.9
9725674,VIZ,2022-10-19 14:48,2022-10-21 14:54,2022-10-23 06:24,48.1,39.5
9952378,VIZ,2022-11-10 01:33,2022-11-12 13:21,2022-11-14 02:03,59.8,36.7
9842348,VIZ,2022-11-15 00:13,2022-11-17 00:55,2022-11-18 16:13,48.7,39.3
9557549,VIZ,2022-11-13 11:22,2022-11-15 08:16,2022-11-16 23:52,44.9,39.6
9367188,VIZ,2022-12-11 23:00,2022-12-13 13:42,2022-12-15 04:54,38.7,39.2
9952378,VIZ,2022-12-23 11:29,2022-12-26 13:23,2022-12-28 07:11,73.9,41.8
9260565,VIZ,2023-01-07 06:31,2023-01-08 05:19,2023-01-09 17:19,22.8,36.0
9174447,VIZ,2023-01-06 03:41,2023-01-07 02:47,2023-01-08 22:41,23.1,43.9
9952378,VIZ,2023-01-14 02:43,2023-01-15 04:01,2023-01-16 20:19,25.3,40.3
9746054,VIZ,2023-01-12 05:38,2023-01-13 01:44,2023-01-14 18:08,20.1,40.4
9785903,VIZ,2023-02-15 03:19,2023-02-15 22:37,2023-02-17 15:37,19.3,41.0
9133209,VIZ,2023-02-15 16:37,2023-02-16 08:01,2023-02-17 21:49,15.4,37.8
9746054,VIZ,2023-02-15 13:58,2023-02-16 22:52,2023-02-18 18:16,32.9,43.4
9557549,VIZ,2023-02-19 17:01,2023-02-20 13:25,2023-02-22 07:19,20.4,41.9
9264511,VIZ,2023-03-17 00:39,2023-03-18 03:09,2023-03-19 17:27,26.5,38.3
9404531,VIZ,2023-03-10 14:02,2023-03-11 18:14,2023-03-13 10:26,28.2,40.2
9231171,VIZ,2023-03-15 22:20,2023-03-16 21:02,2023-03-18 11:14,22.7,38.2
9785903,VIZ,2023-03-12 11:47,2023-03-12 23:41,2023-03-14 19:17,11.9,43.6
9746054,VIZ,2023-03-12 18:02,2023-03-13 15:44,2023-03-15 10:02,21.7,42.3
9231171,VIZ,2023-04-09 06:04,2023-04-10 11:22,2023-04-11 23:58,29.3,36.6
9746054,VIZ,2023-04-18 15:23,2023-04-19 06:59,2023-04-20 22:53,15.6,39.9
9404531,VIZ,2023-04-06 15:49,2023-04-08 00:55,2023-04-09 19:55,33.1,43.0
9184777,VIZ,2023-04-23 19:07,2023-04-24 19:43,2023-04-26 11:25,24.6,39.7
9367188,VIZ,2023-05-16 07:50,2023-05-17 13:02,2023-05-19 09:14,29.2,44.2
9557549,VIZ,2023-05-10 21:24,2023-05-11 23:48,2023-05-13 17:48,26.4,42.0
9557549,VIZ,2023-05-15 14:58,2023-05-16 16:52,2023-05-18 11:58,25.9,43.1
9686782,VIZ,2023-05-14 20:14,2023-05-16 04:20,2023-05-17 22:56,32.1,42.6
9874716,VIZ,2023-05-07 13:04,2023-05-09 01:10,2023-05-10 14:46,36.1,37.6
9686782,VIZ,2023-06-23 16:00,2023-06-25 05:06,2023-06-27 00:18,37.1,43.2
9874716,VIZ,2023-06-19 03:57,2023-06-21 09:51,2023-06-22 22:51,53.9,37.0
9874716,VIZ,2023-06-18 06:16,2023-06-19 16:58,2023-06-21 07:28,34.7,38.5
9367188,VIZ,2023-07-19 05:03,2023-07-20 13:27,2023-07-22 03:21,32.4,37.9
9151262,VIZ,2023-07-15 06:53,2023-07-17 01:11,2023-07-18 15:47,42.3,38.6
9192002,VIZ,2023-08-04 23:16,2023-08-07 21:10,2023-08-09 16:16,69.9,43.1
9725674,VIZ,2023-08-09 01:32,2023-08-11 03:56,2023-08-12 16:44,50.4,36.8
9404531,VIZ,2023-08-05 04:07,2023-08-07 00:49,2023-08-08 17:13,44.7,40.4
9746054,VIZ,2023-08-21 15:16,2023-08-23 07:52,2023-08-25 01:16,40.6,41.4
9264511,VIZ,2023-09-18 02:48,2023-09-19 10:00,2023-09-21 06:18,31.2,44.3
9133209,VIZ,2023-09-14 10:55,2023-09-15 14:19,2023-09-17 01:25,27.4,35.1
9686782,VIZ,2023-09-17 17:55,2023-09-19 08:01,2023-09-21 02:07,38.1,42.1
9785903,VIZ,2023-09-08 15:38,2023-09-10 00:50,2023-09-11 20:20,33.2,43.5
9686782,VIZ,2023-10-11 20:56,2023-10-13 21:08,2023-10-15 14:56,48.2,41.8
9151262,VIZ,2023-10-14 05:16,2023-10-15 20:40,2023-10-17 12:34,39.4,39.9
9367188,VIZ,2023-10-19 20:33,2023-10-21 20:27,2023-10-23 12:57,47.9,40.5
9174447,VIZ,2023-11-13 20:13,2023-11-15 20:43,2023-11-17 17:01,48.5,44.3
9260565,VIZ,2023-11-12 19:32,2023-11-15 11:38,2023-11-17 04:14,64.1,40.6
9725674,VIZ,2023-11-08 04:58,2023-11-10 08:22,2023-11-11 23:52,51.4,39.5
9746054,VIZ,2023-11-03 09:30,2023-11-05 13:18,2023-11-07 07:24,51.8,42.1
9785903,VIZ,2023-11-07 22:14,2023-11-10 04:02,2023-11-11 21:26,53.8,41.4
9463594,VIZ,2023-11-20 06:23,2023-11-22 15:53,2023-11-24 07:47,57.5,39.9
9463594,VIZ,2023-12-05 16:50,2023-12-08 03:14,2023-12-09 17:20,58.4,38.1
9264511,VIZ,2023-12-14 23:00,2023-12-16 17:00,2023-12-18 13:00,42.0,44.0
9260565,VIZ,2023-12-11 08:12,2023-12-13 11:24,2023-12-14 22:48,51.2,35.4
9874716,VIZ,2023-12-11 19:54,2023-12-13 21:36,2023-12-15 15:24,49.7,41.8
9264511,VIZ,2024-01-14 10:55,2024-01-15 06:49,2024-01-17 00:31,19.9,41.7
9557549,VIZ,2024-01-10 14:43,2024-01-11 12:31,2024-01-13 03:37,21.8,39.1
9952378,VIZ,2024-01-13 02:00,2024-01-14 02:42,2024-01-15 18:48,24.7,40.1
9785903,VIZ,2024-02-01 18:30,2024-02-02 11:00,2024-02-04 05:12,16.5,42.2
9725674,VIZ,2024-02-04 14:43,2024-02-05 18:13,2024-02-07 10:07,27.5,39.9
9174447,VIZ,2024-02-16 16:24,2024-02-17 21:42,2024-02-19 10:54,29.3,37.2
9746054,VIZ,2024-02-13 10:04,2024-02-14 13:22,2024-02-16 04:34,27.3,39.2
9192002,VIZ,2024-03-04 11:35,2024-03-05 10:29,2024-03-07 02:59,22.9,40.5
9133209,VIZ,2024-03-06 21:03,2024-03-07 10:57,2024-03-09 02:51,13.9,39.9
9746054,VIZ,2024-03-19 08:09,2024-03-20 03:39,2024-03-21 22:33,19.5,42.9
9638539,VIZ,2024-03-07 13:49,2024-03-08 07:37,2024-03-10 01:01,17.8,41.4
9095119,VIZ,2024-03-05 03:07,2024-03-05 20:13,2024-03-07 12:07,17.1,39.9
9095119,VIZ,2024-04-15 17:31,2024-04-16 19:01,2024-04-18 12:07,25.5,41.1
9367188,VIZ,2024-04-05 00:37,2024-04-05 20:37,2024-04-07 11:19,20.0,38.7
9785903,VIZ,2024-03-30 04:43,2024-03-31 01:07,2024-04-01 20:07,20.4,43.0
9174447,VIZ,2024-04-01 07:25,2024-04-02 05:25,2024-04-03 19:55,22.0,38.5
9260565,VIZ,2024-04-18 09:01,2024-04-19 22:25,2024-04-21 12:49,37.4,38.4
9462030,VIZ,2024-05-13 06:55,2024-05-14 06:01,2024-05-15 17:43,23.1,35.7
9559190,VIZ,2024-05-11 18:25,2024-05-12 15:19,2024-05-14 07:25,20.9,40.1
9184777,VIZ,2024-05-07 20:38,2024-05-08 21:08,2024-05-10 12:20,24.5,39.2
9231171,VIZ,2024-05-05 23:03,2024-05-06 19:33,2024-05-08 09:33,20.5,38.0
9746054,VIZ,2024-05-15 15:55,2024-05-16 23:13,2024-05-18 15:25,31.3,40.2
9874716,VIZ,2024-06-10 08:07,2024-06-11 02:19,2024-06-12 18:55,18.2,40.6
9095119,VIZ,2024-06-11 14:42,2024-06-12 23:30,2024-06-14 18:54,32.8,43.4
9184777,VIZ,2024-05-29 11:27,2024-05-30 14:45,2024-06-01 06:27,27.3,39.7
9686782,VIZ,2024-07-17 08:37,2024-07-19 05:37,2024-07-20 20:49,45.0,39.2
9264511,VIZ,2024-07-13 15:00,2024-07-15 00:42,2024-07-16 16:06,33.7,39.4
9725674,VIZ,2024-07-08 02:04,2024-07-09 16:28,2024-07-11 08:04,38.4,39.6
9339563,VIZ,2024-08-02 22:00,2024-08-04 21:30,2024-08-06 16:42,47.5,43.2
9952378,VIZ,2024-08-03 11:30,2024-08-05 22:36,2024-08-07 15:48,59.1,41.2
9404531,VIZ,2024-08-05 23:19,2024-08-08 01:25,2024-08-09 19:13,50.1,41.8
9686782,VIZ,2024-08-17 03:57,2024-08-18 19:27,2024-08-20 12:21,39.5,40.9
9785903,VIZ,2024-09-12 20:40,2024-09-14 13:04,2024-09-16 05:10,40.4,40.1
9686782,VIZ,2024-09-09 16:37,2024-09-11 08:37,2024-09-13 00:31,40.0,39.9
9952378,VIZ,2024-09-02 19:46,2024-09-03 20:10,2024-09-05 15:16,24.4,43.1
9264511,VIZ,2024-09-11 16:49,2024-09-13 11:37,2024-09-15 05:07,42.8,41.5
9174447,VIZ,2024-09-30 12:31,2024-10-03 02:01,2024-10-04 19:13,61.5,41.2
9339563,VIZ,2024-09-28 01:57,2024-09-30 02:09,2024-10-01 18:09,48.2,40.0
9952378,VIZ,2024-09-30 03:26,2024-10-02 03:08,2024-10-03 18:26,47.7,39.3
9842348,VIZ,2024-10-07 15:54,2024-10-09 22:12,2024-10-11 16:36,54.3,42.4
9404531,VIZ,2024-09-28 15:19,2024-09-30 14:13,2024-10-02 07:55,46.9,41.7
9192002,VIZ,2024-11-12 11:09,2024-11-13 20:21,2024-11-15 13:27,33.2,41.1
9725674,VIZ,2024-10-30 22:29,2024-11-01 11:41,2024-11-03 03:17,37.2,39.6
9725674,VIZ,2024-10-27 19:06,2024-10-30 05:54,2024-10-31 21:48,58.8,39.9
9725674,VIZ,2024-11-15 14:46,2024-11-18 04:28,2024-11-19 20:10,61.7,39.7
9174447,VIZ,2024-12-08 07:19,2024-12-09 21:49,2024-12-11 17:25,38.5,43.6
9133209,VIZ,2024-12-08 09:34,2024-12-10 07:34,2024-12-11 21:34,46.0,38.0
9367188,VIZ,2024-12-09 12:33,2024-12-11 17:51,2024-12-13 09:39,53.3,39.8
9174447,VIZ,2025-01-09 15:14,2025-01-10 04:44,2025-01-11 18:50,13.5,38.1
9557549,VIZ,2024-12-25 04:13,2024-12-26 04:13,2024-12-27 22:25,24.0,42.2
9559190,VIZ,2025-01-05 07:17,2025-01-05 22:11,2025-01-07 18:05,14.9,43.9
9184777,VIZ,2025-02-04 10:22,2025-02-05 06:16,2025-02-06 20:34,19.9,38.3
9151262,VIZ,2025-02-04 18:11,2025-02-05 21:35,2025-02-07 11:53,27.4,38.3
9367188,VIZ,2025-01-30 07:09,2025-01-31 12:09,2025-02-02 06:03,29.0,41.9
9151262,VIZ,2025-02-10 21:19,2025-02-11 16:31,2025-02-13 08:25,19.2,39.9
9874716,VIZ,2025-02-07 08:15,2025-02-08 17:51,2025-02-10 07:03,33.6,37.2
9785903,VIZ,2025-01-25 20:09,2025-01-27 08:21,2025-01-28 23:51,36.2,39.5
9339563,VIZ,2025-03-09 01:40,2025-03-09 19:58,2025-03-11 16:28,18.3,44.5
9557549,VIZ,2025-03-07 05:02,2025-03-07 22:14,2025-03-09 11:56,17.2,37.7
9133209,VIZ,2025-03-02 20:24,2025-03-03 19:00,2025-03-05 09:12,22.6,38.2
9174447,VIZ,2025-04-04 12:33,2025-04-05 07:15,2025-04-06 19:57,18.7,36.7
9264511,VIZ,2025-04-13 02:12,2025-04-14 01:06,2025-04-15 17:54,22.9,40.8
9174447,VIZ,2025-04-14 06:30,2025-04-15 15:54,2025-04-17 08:24,33.4,40.5
9785903,VIZ,2025-05-08 01:49,2025-05-09 02:49,2025-05-10 20:13,25.0,41.4
9264511,VIZ,2025-05-06 14:32,2025-05-07 06:20,2025-05-09 02:26,15.8,44.1
9462030,VIZ,2025-06-10 10:08,2025-06-11 20:20,2025-06-13 15:08,34.2,42.8
9842348,VIZ,2025-06-01 17:06,2025-06-03 18:06,2025-06-05 07:30,49.0,37.4
9095119,VIZ,2025-06-03 08:01,2025-06-05 02:13,2025-06-06 17:49,42.2,39.6
9746054,VIZ,2025-05-27 06:26,2025-05-28 17:50,2025-05-30 10:14,35.4,40.4
9095119,VIZ,2025-06-28 13:50,2025-06-30 13:38,2025-07-02 05:02,47.8,39.4
9874716,VIZ,2025-07-11 05:33,2025-07-12 20:03,2025-07-14 10:03,38.5,38.0
9746054,VIZ,2025-07-07 02:25,2025-07-08 16:07,2025-07-10 10:01,37.7,41.9
9133209,VIZ,2025-06-28 02:25,2025-06-30 13:01,2025-07-02 05:13,58.6,40.2
9095119,VIZ,2025-07-03 09:30,2025-07-05 17:42,2025-07-07 11:18,56.2,41.6
9192002,VIZ,2025-07-25 01:02,2025-07-26 01:20,2025-07-27 18:56,24.3,41.6
9133209,VIZ,2025-08-10 03:48,2025-08-11 18:06,2025-08-13 07:54,38.3,37.8
9367188,VIZ,2025-09-07 20:26,2025-09-09 22:08,2025-09-11 15:38,49.7,41.5
9404531,VIZ,2025-09-09 06:40,2025-09-11 05:22,2025-09-13 03:04,46.7,45.7
9231171,VIZ,2025-08-26 13:00,2025-08-28 02:42,2025-08-29 18:48,37.7,40.1
9952378,VIZ,2025-08-29 12:07,2025-08-31 17:07,2025-09-02 08:13,53.0,39.1
9638539,VIZ,2025-09-30 13:57,2025-10-02 03:39,2025-10-03 22:15,37.7,42.6
9725674,VIZ,2025-10-02 11:02,2025-10-04 03:44,2025-10-05 21:32,40.7,41.8
9264511,VIZ,2025-09-24 10:00,2025-09-26 04:06,2025-09-27 22:06,42.1,42.0
9151262,VIZ,2025-10-03 12:37,2025-10-05 07:19,2025-10-07 00:37,42.7,41.3
9192002,VIZ,2025-10-28 22:42,2025-10-30 15:42,2025-11-01 12:00,41.0,44.3
9095119,VIZ,2025-10-29 08:40,2025-10-31 07:40,2025-11-02 02:04,47.0,42.4
9133209,VIZ,2025-11-01 06:02,2025-11-03 06:08,2025-11-04 18:44,48.1,36.6
9874716,GAN,2020-01-05 22:12,2020-01-07 09:48,2020-01-09 00:30,35.6,38.7
9686782,GAN,2020-01-23 21:44,2020-01-24 19:08,2020-01-26 08:08,21.4,37.0
9133209,GAN,2020-03-07 12:05,2020-03-09 10:23,2020-03-10 21:35,46.3,35.2
9746054,GAN,2020-03-06 16:46,2020-03-07 20:34,2020-03-09 10:40,27.8,38.1
9462030,GAN,2020-03-30 03:27,2020-03-31 19:45,2020-04-02 07:21,40.3,35.6
9184777,GAN,2020-04-24 23:58,2020-04-26 13:28,2020-04-28 04:52,37.5,39.4
9404531,GAN,2020-04-24 12:13,2020-04-25 15:25,2020-04-27 06:49,27.2,39.4
9842348,GAN,2020-06-05 11:31,2020-06-06 19:01,2020-06-08 11:01,31.5,40.0
9184777,GAN,2020-06-30 16:03,2020-07-03 02:27,2020-07-04 16:03,58.4,37.6
9725674,GAN,2020-08-04 10:03,2020-08-08 15:15,2020-08-10 04:51,101.2,37.6
9260565,GAN,2020-07-26 23:18,2020-07-29 10:42,2020-07-31 00:00,59.4,37.3
9339563,GAN,2020-09-04 12:04,2020-09-06 21:40,2020-09-08 16:04,57.6,42.4
9095119,GAN,2020-09-30 23:47,2020-10-03 22:35,2020-10-05 14:59,70.8,40.4
9404531,GAN,2020-09-27 17:44,2020-09-30 06:20,2020-10-02 00:20,60.6,42.0
9842348,GAN,2020-10-28 02:06,2020-10-29 08:48,2020-10-30 22:18,30.7,37.5
9367188,GAN,2020-10-19 15:13,2020-10-22 18:31,2020-10-24 09:49,75.3,39.3
9231171,GAN,2020-11-20 19:28,2020-11-23 03:34,2020-11-24 18:40,56.1,39.1
9686782,GAN,2020-12-20 02:39,2020-12-22 14:45,2020-12-24 05:21,60.1,38.6
9192002,GAN,2021-01-18 18:56,2021-01-19 21:02,2021-01-21 14:32,26.1,41.5
9746054,GAN,2021-02-14 16:30,2021-02-16 07:30,2021-02-18 02:24,39.0,42.9
9559190,GAN,2021-02-21 12:45,2021-02-23 07:57,2021-02-25 02:57,43.2,43.0
9184777,GAN,2021-03-18 12:27,2021-03-19 21:39,2021-03-21 08:03,33.2,34.4
9367188,GAN,2021-03-28 04:37,2021-03-30 00:49,2021-03-31 16:37,44.2,39.8
9231171,GAN,2021-04-26 03:01,2021-04-27 08:19,2021-04-28 21:13,29.3,36.9
9231171,GAN,2021-04-19 09:37,2021-04-20 19:19,2021-04-22 08:01,33.7,36.7
9174447,GAN,2021-05-31 13:26,2021-06-01 18:26,2021-06-03 08:32,29.0,38.1
9725674,GAN,2021-06-04 06:32,2021-06-05 13:08,2021-06-07 02:56,30.6,37.8
9367188,GAN,2021-06-25 00:36,2021-06-27 08:18,2021-06-29 00:24,55.7,40.1
9192002,GAN,2021-07-17 22:15,2021-07-19 16:21,2021-07-21 06:15,42.1,37.9
9874716,GAN,2021-08-15 18:28,2021-08-18 23:40,2021-08-20 10:46,77.2,35.1
9260565,GAN,2021-09-30 06:28,2021-10-02 04:40,2021-10-03 17:46,46.2,37.1
9874716,GAN,2021-10-17 17:57,2021-10-21 03:15,2021-10-22 16:21,81.3,37.1
9557549,GAN,2021-10-16 18:35,2021-10-19 13:23,2021-10-21 03:59,66.8,38.6
9557549,GAN,2021-11-11 07:37,2021-11-14 02:55,2021-11-15 18:49,67.3,39.9
9231171,GAN,2021-11-16 15:15,2021-11-19 06:57,2021-11-20 19:09,63.7,36.2
9463594,GAN,2021-12-19 22:52,2021-12-22 13:28,2021-12-24 05:04,62.6,39.6
9404531,GAN,2022-01-25 02:54,2022-01-26 17:24,2022-01-28 09:30,38.5,40.1
9192002,GAN,2022-01-23 10:31,2022-01-24 12:25,2022-01-26 01:01,25.9,36.6
9874716,GAN,2022-02-24 05:49,2022-02-25 15:07,2022-02-27 06:43,33.3,39.6
9174447,GAN,2022-03-16 08:26,2022-03-18 03:20,2022-03-19 19:26,42.9,40.1
9842348,GAN,2022-03-30 23:31,2022-04-01 21:55,2022-04-03 12:19,46.4,38.4
9686782,GAN,2022-04-16 07:24,2022-04-17 08:12,2022-04-19 01:42,24.8,41.5
9339563,GAN,2022-05-30 02:35,2022-05-31 04:05,2022-06-01 22:17,25.5,42.2
9260565,GAN,2022-05-15 04:39,2022-05-17 03:45,2022-05-18 15:45,47.1,36.0
9151262,GAN,2022-06-17 16:09,2022-06-20 09:15,2022-06-21 22:51,65.1,37.6
9746054,GAN,2022-06-25 23:33,2022-06-28 17:45,2022-06-30 11:27,66.2,41.7
9557549,GAN,2022-07-29 05:58,2022-07-31 23:52,2022-08-02 16:22,65.9,40.5
9260565,GAN,2022-08-19 23:39,2022-08-23 16:27,2022-08-25 06:15,88.8,37.8
9557549,GAN,2022-08-17 11:48,2022-08-19 15:06,2022-08-21 06:48,51.3,39.7
9463594,GAN,2022-09-10 01:41,2022-09-12 18:17,2022-09-14 07:35,64.6,37.3
9404531,GAN,2022-09-09 00:19,2022-09-11 09:01,2022-09-13 04:19,56.7,43.3
9174447,GAN,2022-10-20 18:38,2022-10-24 11:44,2022-10-26 04:02,89.1,40.3
9638539,GAN,2022-11-07 10:20,2022-11-10 17:38,2022-11-12 08:38,79.3,39.0
9404531,GAN,2022-11-24 08:40,2022-11-28 06:10,2022-11-29 19:58,93.5,37.8
9462030,GAN,2022-12-20 21:14,2022-12-23 23:14,2022-12-25 09:44,74.0,34.5
9559190,GAN,2022-12-20 12:40,2022-12-24 23:34,2022-12-26 18:34,106.9,43.0
9192002,GAN,2022-12-14 19:51,2022-12-18 16:51,2022-12-20 09:15,93.0,40.4
9151262,GAN,2023-01-24 19:05,2023-01-26 04:11,2023-01-27 22:41,33.1,42.5
9184777,GAN,2023-01-11 01:54,2023-01-12 04:30,2023-01-13 18:30,26.6,38.0
9404531,GAN,2023-02-09 09:25,2023-02-10 08:13,2023-02-11 23:25,22.8,39.2
9746054,GAN,2023-03-22 00:26,2023-03-23 14:44,2023-03-25 08:44,38.3,42.0
9192002,GAN,2023-04-24 23:39,2023-04-26 13:21,2023-04-28 05:09,37.7,39.8
9462030,GAN,2023-05-14 13:34,2023-05-16 01:34,2023-05-17 17:40,36.0,40.1
9462030,GAN,2023-06-08 00:39,2023-06-10 06:39,2023-06-11 18:09,54.0,35.5
9559190,GAN,2023-06-10 11:01,2023-06-13 03:31,2023-06-14 22:49,64.5,43.3
9746054,GAN,2023-07-20 09:54,2023-07-22 12:36,2023-07-24 08:00,50.7,43.4
9842348,GAN,2023-07-07 03:02,2023-07-09 15:32,2023-07-11 09:26,60.5,41.9
9339563,GAN,2023-07-12 17:02,2023-07-16 23:14,2023-07-18 15:20,102.2,40.1
9874716,GAN,2023-08-15 01:19,2023-08-18 05:55,2023-08-19 16:13,76.6,34.3
9192002,GAN,2023-08-07 13:37,2023-08-10 11:43,2023-08-12 02:55,70.1,39.2
9462030,GAN,2023-09-09 07:09,2023-09-11 09:03,2023-09-13 00:21,49.9,39.3
9952378,GAN,2023-10-16 12:23,2023-10-19 07:29,2023-10-20 20:11,67.1,36.7
9462030,GAN,2023-10-06 15:35,2023-10-11 15:17,2023-10-13 05:23,119.7,38.1
9264511,GAN,2023-11-20 05:50,2023-11-23 00:08,2023-11-24 17:44,66.3,41.6
9404531,GAN,2023-12-10 23:42,2023-12-12 19:48,2023-12-14 11:18,44.1,39.5
9952378,GAN,2024-01-11 02:55,2024-01-12 13:49,2024-01-14 07:25,34.9,41.6
9785903,GAN,2024-02-16 04:24,2024-02-17 18:24,2024-02-19 11:00,38.0,40.6
9151262,GAN,2024-03-09 02:18,2024-03-11 01:24,2024-03-12 16:12,47.1,38.8
9260565,GAN,2024-03-08 07:00,2024-03-09 07:00,2024-03-10 20:00,24.0,37.0
9174447,GAN,2024-04-17 02:51,2024-04-18 18:09,2024-04-20 06:09,39.3,36.0
9725674,GAN,2024-04-01 06:17,2024-04-03 06:11,2024-04-04 20:23,47.9,38.2
9842348,GAN,2024-05-11 22:22,2024-05-13 03:04,2024-05-14 15:40,28.7,36.6
9151262,GAN,2024-06-12 02:08,2024-06-14 15:32,2024-06-16 09:14,61.4,41.7
9264511,GAN,2024-07-04 02:39,2024-07-07 08:21,2024-07-09 02:57,77.7,42.6
9725674,GAN,2024-07-13 13:57,2024-07-16 08:03,2024-07-17 18:45,66.1,34.7
9559190,GAN,2024-08-17 14:47,2024-08-19 17:17,2024-08-21 10:05,50.5,40.8
9725674,GAN,2024-08-30 02:28,2024-09-01 21:10,2024-09-03 12:28,66.7,39.3
9264511,GAN,2024-10-11 14:50,2024-10-14 23:26,2024-10-16 13:44,80.6,38.3
9339563,GAN,2024-10-30 02:01,2024-11-04 04:19,2024-11-05 20:43,122.3,40.4
9184777,GAN,2024-11-02 00:16,2024-11-04 07:22,2024-11-05 20:16,55.1,36.9
9952378,GAN,2024-12-02 09:53,2024-12-04 06:23,2024-12-05 18:59,44.5,36.6
9339563,GAN,2024-12-11 16:06,2024-12-15 19:30,2024-12-17 08:06,99.4,36.6
9463594,GAN,2025-01-08 23:10,2025-01-10 08:40,2025-01-12 01:28,33.5,40.8
9133209,GAN,2025-02-07 19:48,2025-02-09 11:00,2025-02-10 23:18,39.2,36.3
9192002,GAN,2025-02-02 08:26,2025-02-03 18:56,2025-02-05 11:50,34.5,40.9
9184777,GAN,2025-03-06 20:45,2025-03-08 21:45,2025-03-10 10:33,49.0,36.8
9463594,GAN,2025-03-11 22:46,2025-03-13 12:16,2025-03-15 03:52,37.5,39.6
9842348,GAN,2025-04-13 21:42,2025-04-15 09:12,2025-04-17 00:24,35.5,39.2
9231171,GAN,2025-05-01 03:23,2025-05-02 15:41,2025-05-04 02:35,36.3,34.9
9339563,GAN,2025-06-03 02:39,2025-06-05 23:15,2025-06-07 16:03,68.6,40.8
9192002,GAN,2025-05-25 03:23,2025-05-28 16:11,2025-05-30 08:05,84.8,39.9
9686782,GAN,2025-06-08 19:04,2025-06-11 20:52,2025-06-13 14:46,73.8,41.9
9746054,GAN,2025-07-08 21:27,2025-07-11 08:39,2025-07-13 01:57,59.2,41.3
9874716,GAN,2025-08-06 10:52,2025-08-08 04:52,2025-08-09 19:28,42.0,38.6
9151262,GAN,2025-08-27 03:04,2025-08-30 00:52,2025-08-31 16:34,69.8,39.7
9874716,GAN,2025-10-06 12:13,2025-10-09 05:43,2025-10-10 19:37,65.5,37.9
9095119,GAN,2025-09-22 09:00,2025-09-25 13:48,2025-09-27 04:18,76.8,38.5
9785903,GAN,2025-11-07 12:42,2025-11-09 18:54,2025-11-11 09:18,54.2,38.4
9638539,GAN,2025-10-26 05:21,2025-10-28 19:09,2025-10-30 11:39,61.8,40.5
9184777,GOP,2019-12-27 14:58,2019-12-29 05:58,2019-12-31 07:10,39.0,49.2
9184777,GOP,2020-01-23 09:24,2020-01-24 16:54,2020-01-26 15:24,31.5,46.5
9725674,GOP,2020-03-03 11:39,2020-03-05 02:09,2020-03-07 00:27,38.5,46.3
9174447,GOP,2020-03-28 08:31,2020-03-29 09:25,2020-03-31 07:55,24.9,46.5
9874716,GOP,2020-04-10 02:36,2020-04-11 10:06,2020-04-13 08:48,31.5,46.7
9404531,GOP,2020-05-08 08:39,2020-05-09 17:09,2020-05-11 14:27,32.5,45.3
9559190,GOP,2020-05-04 09:07,2020-05-05 21:01,2020-05-07 20:43,35.9,47.7
9638539,GOP,2020-06-01 21:51,2020-06-02 14:15,2020-06-04 09:45,16.4,43.5
9174447,GOP,2020-07-06 10:44,2020-07-09 01:08,2020-07-11 02:20,62.4,49.2
9260565,GOP,2020-06-25 19:05,2020-06-28 22:35,2020-06-30 19:11,75.5,44.6
9184777,GOP,2020-08-01 00:38,2020-08-03 03:38,2020-08-05 00:20,51.0,44.7
9339563,GOP,2020-07-31 01:55,2020-08-02 21:49,2020-08-04 22:55,67.9,49.1
9404531,GOP,2020-09-04 09:28,2020-09-07 03:10,2020-09-09 05:52,65.7,50.7
9638539,GOP,2020-09-25 09:44,2020-09-27 22:08,2020-09-29 18:44,60.4,44.6
9095119,GOP,2020-11-01 15:10,2020-11-04 08:58,2020-11-06 10:58,65.8,50.0
9192002,GOP,2020-10-19 19:18,2020-10-22 12:30,2020-10-24 10:48,65.2,46.3
9264511,GOP,2020-11-17 19:59,2020-11-22 03:47,2020-11-24 03:53,103.8,48.1
9746054,GOP,2020-11-24 01:15,2020-11-26 11:57,2020-11-28 13:27,58.7,49.5
9746054,GOP,2020-12-21 21:01,2020-12-24 09:19,2020-12-26 11:31,60.3,50.2
9638539,GOP,2021-01-04 06:25,2021-01-06 12:43,2021-01-08 08:25,54.3,43.7
9746054,GOP,2021-02-02 08:25,2021-02-03 11:01,2021-02-05 12:25,26.6,49.4
9463594,GOP,2021-03-06 04:16,2021-03-07 12:52,2021-03-09 12:04,32.6,47.2
9952378,GOP,2021-03-25 19:29,2021-03-27 01:05,2021-03-28 22:17,29.6,45.2
9952378,GOP,2021-04-28 03:35,2021-04-29 16:41,2021-05-01 16:59,37.1,48.3
9174447,GOP,2021-06-01 07:39,2021-06-02 17:39,2021-06-04 17:45,34.0,48.1
9638539,GOP,2021-06-22 20:26,2021-06-25 09:50,2021-06-27 08:38,61.4,46.8
9725674,GOP,2021-07-29 04:30,2021-07-31 05:54,2021-08-02 03:48,49.4,45.9
9463594,GOP,2021-07-31 18:51,2021-08-03 22:21,2021-08-05 22:03,75.5,47.7
9367188,GOP,2021-08-02 00:51,2021-08-05 04:15,2021-08-07 02:45,75.4,46.5
9133209,GOP,2021-08-20 06:51,2021-08-23 07:33,2021-08-25 05:15,72.7,45.7
9952378,GOP,2021-08-21 17:35,2021-08-24 17:29,2021-08-26 14:41,71.9,45.2
9404531,GOP,2021-09-24 20:51,2021-09-27 00:21,2021-09-29 01:57,51.5,49.6
9260565,GOP,2021-09-29 14:16,2021-10-01 17:28,2021-10-03 13:34,51.2,44.1
9785903,GOP,2021-10-13 03:55,2021-10-15 15:25,2021-10-17 17:43,59.5,50.3
9339563,GOP,2021-11-27 00:03,2021-11-29 03:33,2021-12-01 02:27,51.5,46.9
9367188,GOP,2021-12-12 02:06,2021-12-14 04:00,2021-12-16 02:00,49.9,46.0
9264511,GOP,2022-01-11 20:29,2022-01-13 17:41,2022-01-15 20:05,45.2,50.4
9174447,GOP,2022-01-24 12:38,2022-01-25 17:26,2022-01-27 15:20,28.8,45.9
9874716,GOP,2022-02-11 04:36,2022-02-12 21:42,2022-02-14 20:24,41.1,46.7
9231171,GOP,2022-02-16 03:50,2022-02-18 00:32,2022-02-19 23:56,44.7,47.4
9174447,GOP,2022-03-23 08:34,2022-03-23 23:52,2022-03-26 02:10,15.3,50.3
9367188,GOP,2022-03-26 19:47,2022-03-28 03:05,2022-03-29 22:41,31.3,43.6
9746054,GOP,2022-04-15 00:48,2022-04-16 17:30,2022-04-18 17:42,40.7,48.2
9184777,GOP,2022-04-19 19:40,2022-04-21 06:40,2022-04-23 05:34,35.0,46.9
9725674,GOP,2022-05-24 16:43,2022-05-26 02:37,2022-05-28 00:13,33.9,45.6
9264511,GOP,2022-05-23 17:32,2022-05-25 08:20,2022-05-27 08:14,38.8,47.9
9095119,GOP,2022-06-26 04:43,2022-06-28 16:25,2022-06-30 13:19,59.7,44.9
9874716,GOP,2022-07-26 17:54,2022-07-28 12:48,2022-07-30 11:12,42.9,46.4
9785903,GOP,2022-07-28 14:35,2022-07-31 08:41,2022-08-02 08:59,66.1,48.3
9151262,GOP,2022-08-15 17:34,2022-08-18 20:58,2022-08-20 18:58,75.4,46.0
9404531,GOP,2022-08-28 03:58,2022-08-30 20:16,2022-09-01 17:10,64.3,44.9
9260565,GOP,2022-09-17 18:54,2022-09-20 01:48,2022-09-21 23:06,54.9,45.3
9638539,GOP,2022-10-24 07:34,2022-10-27 18:28,2022-10-29 16:04,82.9,45.6
9746054,GOP,2022-10-23 08:53,2022-10-26 19:29,2022-10-28 20:05,82.6,48.6
9462030,GOP,2022-10-09 12:30,2022-10-12 18:30,2022-10-14 15:12,78.0,44.7
9874716,GOP,2022-10-21 19:08,2022-10-26 09:14,2022-10-28 04:02,110.1,42.8
9339563,GOP,2022-11-08 04:42,2022-11-10 22:36,2022-11-12 21:48,65.9,47.2
9463594,GOP,2022-12-20 09:20,2022-12-23 23:50,2022-12-25 20:44,86.5,44.9
9133209,GOP,2023-01-15 13:10,2023-01-17 17:40,2023-01-19 14:28,52.5,44.8
9463594,GOP,2023-01-21 16:52,2023-01-23 11:04,2023-01-25 11:40,42.2,48.6
9151262,GOP,2023-01-07 04:40,2023-01-08 23:28,2023-01-11 00:04,42.8,48.6
9367188,GOP,2023-02-08 02:53,2023-02-09 11:41,2023-02-11 09:41,32.8,46.0
9725674,GOP,2023-03-06 19:27,2023-03-07 21:27,2023-03-09 19:03,26.0,45.6
9463594,GOP,2023-04-18 20:21,2023-04-20 03:21,2023-04-22 00:03,31.0,44.7
9462030,GOP,2023-04-25 01:19,2023-04-27 05:13,2023-04-29 02:49,51.9,45.6
9339563,GOP,2023-05-16 13:24,2023-05-18 06:00,2023-05-20 08:00,40.6,50.0
9192002,GOP,2023-05-19 16:08,2023-05-21 20:56,2023-05-23 20:56,52.8,48.0
9174447,GOP,2023-06-07 09:48,2023-06-10 12:06,2023-06-12 11:54,74.3,47.8
9264511,GOP,2023-06-23 16:50,2023-06-27 00:56,2023-06-29 04:08,80.1,51.2
9463594,GOP,2023-07-09 19:00,2023-07-11 19:12,2023-07-13 18:42,48.2,47.5
9874716,GOP,2023-08-05 21:37,2023-08-07 17:31,2023-08-09 15:31,43.9,46.0
9231171,GOP,2023-09-06 08:08,2023-09-08 14:26,2023-09-10 11:38,54.3,45.2
9638539,GOP,2023-10-13 11:35,2023-10-15 16:29,2023-10-17 17:17,52.9,48.8
9367188,GOP,2023-11-11 21:55,2023-11-15 18:01,2023-11-17 15:01,92.1,45.0
9184777,GOP,2023-11-18 13:52,2023-11-22 18:34,2023-11-24 13:34,100.7,43.0
9842348,GOP,2023-12-01 20:38,2023-12-05 01:32,2023-12-06 19:56,76.9,42.4
9686782,GOP,2024-01-02 13:51,2024-01-03 10:39,2024-01-05 10:45,20.8,48.1
9260565,GOP,2024-02-12 06:02,2024-02-14 01:56,2024-02-16 00:44,43.9,46.8
9638539,GOP,2024-03-08 03:44,2024-03-09 17:14,2024-03-11 14:14,37.5,45.0
9874716,GOP,2024-04-16 03:31,2024-04-18 09:49,2024-04-20 07:43,54.3,45.9
9462030,GOP,2024-04-06 17:41,2024-04-08 08:17,2024-04-10 05:47,38.6,45.5
9260565,GOP,2024-05-18 11:57,2024-05-19 16:27,2024-05-21 14:27,28.5,46.0
9095119,GOP,2024-06-12 23:41,2024-06-14 11:59,2024-06-16 08:23,36.3,44.4
9367188,GOP,2024-06-03 01:43,2024-06-04 15:07,2024-06-06 16:37,37.4,49.5
9192002,GOP,2024-07-18 03:18,2024-07-20 13:24,2024-07-22 10:24,58.1,45.0
9260565,GOP,2024-08-04 02:12,2024-08-06 16:54,2024-08-08 13:06,62.7,44.2
9842348,GOP,2024-08-07 07:18,2024-08-09 17:54,2024-08-11 15:24,58.6,45.5
9184777,GOP,2024-08-14 07:03,2024-08-16 20:03,2024-08-18 17:57,61.0,45.9
9559190,GOP,2024-09-08 11:01,2024-09-10 16:31,2024-09-12 16:19,53.5,47.8
9264511,GOP,2024-09-27 06:08,2024-09-30 04:20,2024-10-02 05:56,70.2,49.6
9559190,GOP,2024-10-13 09:33,2024-10-16 13:33,2024-10-18 11:39,76.0,46.1
9725674,GOP,2024-10-30 03:50,2024-11-02 00:14,2024-11-03 17:38,68.4,41.4
9231171,GOP,2024-12-04 21:31,2024-12-07 18:25,2024-12-09 18:31,68.9,48.1
9260565,GOP,2024-12-08 18:44,2024-12-11 03:56,2024-12-13 00:56,57.2,45.0
9174447,GOP,2025-01-04 21:54,2025-01-06 05:00,2025-01-08 02:42,31.1,45.7
9746054,GOP,2025-01-06 23:11,2025-01-09 01:59,2025-01-11 04:29,50.8,50.5
9725674,GOP,2025-01-30 04:11,2025-01-31 10:05,2025-02-02 03:11,29.9,41.1
9686782,GOP,2025-02-25 06:11,2025-02-26 18:41,2025-02-28 16:11,36.5,45.5
9264511,GOP,2025-03-12 16:33,2025-03-14 13:57,2025-03-16 15:09,45.4,49.2
9151262,GOP,2025-03-01 08:44,2025-03-03 01:38,2025-03-05 01:50,40.9,48.2
9339563,GOP,2025-04-07 20:02,2025-04-09 08:20,2025-04-11 06:26,36.3,46.1
9785903,GOP,2025-04-30 14:01,2025-05-01 16:25,2025-05-03 17:31,26.4,49.1
9339563,GOP,2025-06-10 14:58,2025-06-12 04:58,2025-06-14 02:46,38.0,45.8
9339563,GOP,2025-07-10 12:51,2025-07-12 21:33,2025-07-15 03:15,56.7,53.7
9184777,GOP,2025-06-28 16:51,2025-06-30 10:03,2025-07-02 06:15,41.2,44.2
9184777,GOP,2025-08-11 21:46,2025-08-13 23:04,2025-08-15 17:46,49.3,42.7
9462030,GOP,2025-08-02 14:28,2025-08-05 15:04,2025-08-07 14:22,72.6,47.3
9557549,GOP,2025-09-07 02:01,2025-09-09 00:31,2025-09-11 02:55,46.5,50.4
9638539,GOP,2025-10-04 03:20,2025-10-07 17:50,2025-10-09 13:14,86.5,43.4
9404531,GOP,2025-11-06 23:39,2025-11-11 00:39,2025-11-13 04:09,97.0,51.5
9785903,GOP,2025-10-29 07:35,2025-11-02 00:11,2025-11-03 23:17,88.6,47.1
9557549,HAL,2020-01-05 06:05,2020-01-06 16:29,2020-01-08 22:53,34.4,54.4
9339563,HAL,2020-02-08 18:28,2020-02-11 23:46,2020-02-14 06:34,77.3,54.8
9404531,HAL,2020-02-09 19:25,2020-02-12 00:31,2020-02-14 06:19,53.1,53.8
9192002,HAL,2020-03-10 13:04,2020-03-12 08:22,2020-03-14 12:04,43.3,51.7
9746054,HAL,2020-02-20 20:35,2020-02-22 19:59,2020-02-25 02:59,47.4,55.0
9463594,HAL,2020-03-04 00:30,2020-03-05 22:18,2020-03-08 03:42,45.8,53.4
9367188,HAL,2020-03-29 05:12,2020-03-31 10:36,2020-04-02 14:18,53.4,51.7
9184777,HAL,2020-05-06 22:57,2020-05-09 03:57,2020-05-11 07:09,53.0,51.2
9557549,HAL,2020-04-30 21:43,2020-05-03 02:43,2020-05-05 10:07,53.0,55.4
9874716,HAL,2020-05-25 08:29,2020-05-27 22:29,2020-05-30 03:11,62.0,52.7
9952378,HAL,2020-06-07 11:48,2020-06-09 08:54,2020-06-11 12:24,45.1,51.5
9462030,HAL,2020-07-09 07:28,2020-07-12 19:10,2020-07-14 20:46,83.7,49.6
9462030,HAL,2020-08-06 23:25,2020-08-12 00:01,2020-08-14 02:55,120.6,50.9
9095119,HAL,2020-08-06 09:59,2020-08-09 12:41,2020-08-11 19:53,74.7,55.2
9785903,HAL,2020-09-02 20:01,2020-09-06 07:01,2020-09-08 19:07,83.0,60.1
9559190,HAL,2020-09-01 10:27,2020-09-04 14:45,2020-09-06 17:33,76.3,50.8
9874716,HAL,2020-09-29 01:58,2020-10-02 05:46,2020-10-04 09:22,75.8,51.6
9785903,HAL,2020-09-30 04:00,2020-10-04 07:00,2020-10-06 13:30,99.0,54.5
9404531,HAL,2020-11-03 12:07,2020-11-07 08:07,2020-11-09 13:49,92.0,53.7
9133209,HAL,2020-10-31 02:03,2020-11-05 09:09,2020-11-07 15:57,127.1,54.8
9367188,HAL,2020-11-16 21:24,2020-11-20 21:54,2020-11-23 05:06,96.5,55.2
9184777,HAL,2020-11-30 15:38,2020-12-04 01:02,2020-12-06 02:32,81.4,49.5
9264511,HAL,2021-01-01 12:31,2021-01-05 16:25,2021-01-08 00:55,99.9,56.5
9559190,HAL,2021-01-21 14:32,2021-01-23 19:38,2021-01-26 03:44,53.1,56.1
9785903,HAL,2021-02-18 21:39,2021-02-20 21:15,2021-02-23 09:27,47.6,60.2
9184777,HAL,2021-03-18 15:17,2021-03-19 20:05,2021-03-21 22:29,28.8,50.4
9133209,HAL,2021-05-02 10:31,2021-05-04 21:07,2021-05-06 21:31,58.6,48.4
9095119,HAL,2021-04-19 15:23,2021-04-21 11:53,2021-04-23 15:41,44.5,51.8
9339563,HAL,2021-05-19 06:25,2021-05-21 13:13,2021-05-23 19:55,54.8,54.7
9367188,HAL,2021-06-16 13:15,2021-06-20 09:09,2021-06-22 17:51,91.9,56.7
9746054,HAL,2021-06-24 10:13,2021-06-28 04:55,2021-06-30 13:37,90.7,56.7
9339563,HAL,2021-08-02 21:35,2021-08-05 14:47,2021-08-08 01:05,65.2,58.3
9874716,HAL,2021-07-25 16:29,2021-07-28 21:53,2021-07-31 02:41,77.4,52.8
9686782,HAL,2021-08-31 15:16,2021-09-04 04:34,2021-09-06 06:16,85.3,49.7
9264511,HAL,2021-09-24 03:06,2021-09-27 13:54,2021-09-29 19:42,82.8,53.8
9404531,HAL,2021-09-29 05:48,2021-10-04 00:48,2021-10-06 05:48,115.0,53.0
9559190,HAL,2021-10-14 00:37,2021-10-18 12:43,2021-10-20 21:13,108.1,56.5
9462030,HAL,2021-10-19 06:15,2021-10-22 23:57,2021-10-25 02:39,89.7,50.7
9095119,HAL,2021-11-15 18:25,2021-11-20 23:55,2021-11-23 07:31,125.5,55.6
9874716,HAL,2021-11-14 03:31,2021-11-18 08:25,2021-11-20 14:55,100.9,54.5
9231171,HAL,2021-12-30 05:43,2022-01-04 04:31,2022-01-06 09:43,118.8,53.2
9785903,HAL,2022-01-28 03:53,2022-01-30 00:23,2022-02-01 06:17,44.5,53.9
9842348,HAL,2022-02-17 05:43,2022-02-19 00:55,2022-02-21 05:31,43.2,52.6
9095119,HAL,2022-02-19 13:52,2022-02-21 22:40,2022-02-24 04:16,56.8,53.6
9874716,HAL,2022-03-17 00:54,2022-03-19 15:42,2022-03-21 17:42,62.8,50.0
9725674,HAL,2022-03-13 18:27,2022-03-16 00:21,2022-03-18 05:45,53.9,53.4
9725674,HAL,2022-04-19 10:03,2022-04-21 10:45,2022-04-23 12:09,48.7,49.4
9638539,HAL,2022-05-14 09:07,2022-05-16 14:31,2022-05-18 18:13,53.4,51.7
9192002,HAL,2022-06-09 21:56,2022-06-13 03:20,2022-06-15 09:50,77.4,54.5
9746054,HAL,2022-06-19 17:14,2022-06-23 17:44,2022-06-25 23:50,96.5,54.1
9746054,HAL,2022-07-21 02:42,2022-07-24 06:00,2022-07-26 12:12,75.3,54.2
9367188,HAL,2022-07-21 15:23,2022-07-25 06:53,2022-07-27 10:35,87.5,51.7
9264511,HAL,2022-08-22 04:35,2022-08-28 02:23,2022-08-30 08:29,141.8,54.1
9174447,HAL,2022-08-22 09:52,2022-08-25 14:52,2022-08-27 20:10,77.0,53.3
9184777,HAL,2022-09-24 11:28,2022-09-27 03:40,2022-09-29 10:16,64.2,54.6
9367188,HAL,2022-09-26 15:23,2022-09-30 21:35,2022-10-03 00:41,102.2,51.1
9746054,HAL,2022-10-13 12:17,2022-10-16 08:41,2022-10-18 17:53,68.4,57.2
9785903,HAL,2022-10-13 01:52,2022-10-17 01:52,2022-10-19 13:16,96.0,59.4
9174447,HAL,2022-11-15 06:32,2022-11-20 00:20,2022-11-22 06:56,113.8,54.6
9686782,HAL,2022-12-25 13:33,2022-12-28 13:57,2022-12-30 20:21,72.4,54.4
9746054,HAL,2023-01-15 16:10,2023-01-18 00:58,2023-01-20 05:28,56.8,52.5
9095119,HAL,2023-02-14 16:45,2023-02-16 17:15,2023-02-18 22:15,48.5,53.0
9404531,HAL,2023-02-15 22:14,2023-02-17 19:02,2023-02-20 05:14,44.8,58.2
9725674,HAL,2023-03-12 05:37,2023-03-14 05:49,2023-03-16 09:31,48.2,51.7
9367188,HAL,2023-03-21 11:45,2023-03-23 15:57,2023-03-25 21:21,52.2,53.4
9746054,HAL,2023-04-22 18:25,2023-04-25 00:49,2023-04-27 07:43,54.4,54.9
9874716,HAL,2023-05-18 04:08,2023-05-19 13:08,2023-05-21 17:08,33.0,52.0
9404531,HAL,2023-05-10 03:07,2023-05-12 17:19,2023-05-15 00:49,62.2,55.5
9264511,HAL,2023-06-15 23:50,2023-06-20 09:44,2023-06-22 19:38,105.9,57.9
9260565,HAL,2023-07-11 00:22,2023-07-13 16:52,2023-07-15 17:28,64.5,48.6
9231171,HAL,2023-08-21 14:53,2023-08-24 08:35,2023-08-26 10:29,65.7,49.9
9874716,HAL,2023-08-05 22:38,2023-08-09 04:44,2023-08-11 11:50,78.1,55.1
9192002,HAL,2023-09-18 07:43,2023-09-22 05:43,2023-09-24 11:25,94.0,53.7
9260565,HAL,2023-09-03 08:22,2023-09-07 01:40,2023-09-09 05:40,89.3,52.0
9785903,HAL,2023-10-14 05:35,2023-10-17 18:23,2023-10-20 03:29,84.8,57.1
9463594,HAL,2023-11-20 21:51,2023-11-25 04:21,2023-11-27 08:45,102.5,52.4
9557549,HAL,2023-11-05 00:57,2023-11-10 17:15,2023-11-12 20:03,136.3,50.8
9260565,HAL,2023-12-09 01:08,2023-12-14 11:08,2023-12-16 14:08,130.0,51.0
9404531,HAL,2023-12-15 08:06,2023-12-21 10:24,2023-12-23 16:06,146.3,53.7
9463594,HAL,2024-01-02 17:28,2024-01-04 03:16,2024-01-06 06:52,33.8,51.6
9367188,HAL,2024-02-10 10:35,2024-02-12 07:59,2024-02-14 15:11,45.4,55.2
9462030,HAL,2024-03-17 19:45,2024-03-20 03:33,2024-03-22 03:27,55.8,47.9
9339563,HAL,2024-03-07 11:38,2024-03-09 22:50,2024-03-12 10:38,59.2,59.8
9404531,HAL,2024-04-16 23:51,2024-04-18 21:27,2024-04-21 07:09,45.6,57.7
9952378,HAL,2024-04-05 16:16,2024-04-07 22:28,2024-04-10 02:04,54.2,51.6
9260565,HAL,2024-04-30 16:08,2024-05-02 13:20,2024-05-04 15:26,45.2,50.1
9264511,HAL,2024-05-05 16:33,2024-05-08 05:39,2024-05-10 12:27,61.1,54.8
9559190,HAL,2024-06-05 19:46,2024-06-08 15:40,2024-06-10 23:22,67.9,55.7
9842348,HAL,2024-07-02 07:56,2024-07-05 12:26,2024-07-07 17:44,76.5,53.3
9231171,HAL,2024-07-30 23:36,2024-08-05 00:54,2024-08-07 04:12,121.3,51.3
9264511,HAL,2024-07-31 08:39,2024-08-04 07:39,2024-08-06 17:33,95.0,57.9
9404531,HAL,2024-09-09 17:06,2024-09-12 05:24,2024-09-14 09:12,60.3,51.8
9463594,HAL,2024-09-13 06:14,2024-09-17 20:32,2024-09-20 01:56,110.3,53.4
9264511,HAL,2024-10-06 19:37,2024-10-09 16:31,2024-10-12 02:31,68.9,58.0
9339563,HAL,2024-09-30 00:08,2024-10-04 21:56,2024-10-07 02:56,117.8,53.0
9192002,HAL,2024-10-26 15:58,2024-10-31 22:40,2024-11-03 07:52,126.7,57.2
9231171,HAL,2024-11-28 16:40,2024-12-04 16:04,2024-12-06 18:22,143.4,50.3
9264511,HAL,2024-12-26 03:39,2024-12-28 01:33,2024-12-30 08:03,45.9,54.5
9462030,HAL,2025-02-10 06:00,2025-02-11 19:54,2025-02-13 19:54,37.9,48.0
9184777,HAL,2025-02-10 10:55,2025-02-12 07:19,2025-02-14 13:31,44.4,54.2
9367188,HAL,2025-02-26 20:08,2025-03-01 00:56,2025-03-03 09:44,52.8,56.8
9462030,HAL,2025-03-31 14:57,2025-04-02 16:45,2025-04-04 18:33,49.8,49.8
9638539,HAL,2025-04-09 02:21,2025-04-11 06:15,2025-04-13 10:21,51.9,52.1
9785903,HAL,2025-04-01 22:17,2025-04-04 08:17,2025-04-06 14:41,58.0,54.4
9095119,HAL,2025-05-04 21:22,2025-05-07 09:40,2025-05-09 12:52,60.3,51.2
9557549,HAL,2025-05-05 13:01,2025-05-07 11:43,2025-05-09 15:31,46.7,51.8
9463594,HAL,2025-06-09 05:38,2025-06-12 17:56,2025-06-14 22:56,84.3,53.0
9559190,HAL,2025-06-13 15:50,2025-06-16 05:26,2025-06-18 12:38,61.6,55.2
9725674,HAL,2025-07-09 04:11,2025-07-11 23:41,2025-07-14 03:53,67.5,52.2
9952378,HAL,2025-07-23 15:08,2025-07-26 05:56,2025-07-28 10:26,62.8,52.5
9725674,HAL,2025-08-23 06:57,2025-08-27 04:03,2025-08-29 08:03,93.1,52.0
9192002,HAL,2025-09-09 00:29,2025-09-11 10:17,2025-09-13 16:29,57.8,54.2
9264511,HAL,2025-10-09 09:22,2025-10-14 10:22,2025-10-16 15:22,121.0,53.0
9463594,HAL,2025-10-06 08:07,2025-10-10 05:13,2025-10-12 05:37,93.1,48.4
9785903,HAL,2025-10-30 02:38,2025-11-04 03:44,2025-11-06 11:56,121.1,56.2
