date,port_or_region,fuel_type,price,currency
01-01-2020,Singapore,IFO380,459.8,USD
01-01-2020,Singapore,VLSFO,646.32,USD
01-01-2020,Singapore,MGO,936.42,USD
01-01-2020,Fujairah,IFO380,449.75,USD
01-01-2020,Fujairah,VLSFO,641.37,USD
01-01-2020,Fujairah,MGO,930.62,USD
01-01-2020,Rotterdam,IFO380,465.32,USD
01-01-2020,Rotterdam,VLSFO,664.26,USD
01-01-2020,Rotterdam,MGO,957.19,USD
01-01-2020,Houston,IFO380,449.42,USD
01-01-2020,Houston,VLSFO,633.89,USD
01-01-2020,Houston,MGO,929.98,USD
01-01-2020,Durban,IFO380,479.2,USD
01-01-2020,Durban,VLSFO,683.58,USD
01-01-2020,Durban,MGO,979.55,USD
31-01-2020,Singapore,IFO380,410.37,USD
31-01-2020,Singapore,VLSFO,586.59,USD
31-01-2020,Singapore,MGO,857.16,USD
31-01-2020,Fujairah,IFO380,391.21,USD
31-01-2020,Fujairah,VLSFO,560.69,USD
31-01-2020,Fujairah,MGO,813.27,USD
31-01-2020,Rotterdam,IFO380,417.61,USD
31-01-2020,Rotterdam,VLSFO,595.26,USD
31-01-2020,Rotterdam,MGO,866.48,USD
31-01-2020,Houston,IFO380,395.43,USD
31-01-2020,Houston,VLSFO,553.46,USD
31-01-2020,Houston,MGO,820.38,USD
31-01-2020,Durban,IFO380,428.61,USD
31-01-2020,Durban,VLSFO,614.14,USD
31-01-2020,Durban,MGO,899.61,USD
01-03-2020,Singapore,IFO380,323.96,USD
01-03-2020,Singapore,VLSFO,459.59,USD
01-03-2020,Singapore,MGO,663.23,USD
01-03-2020,Fujairah,IFO380,303.18,USD
01-03-2020,Fujairah,VLSFO,442.15,USD
01-03-2020,Fujairah,MGO,648.84,USD
01-03-2020,Rotterdam,IFO380,326.09,USD
01-03-2020,Rotterdam,VLSFO,475.43,USD
01-03-2020,Rotterdam,MGO,690.69,USD
01-03-2020,Houston,IFO380,304.3,USD
01-03-2020,Houston,VLSFO,433.84,USD
01-03-2020,Houston,MGO,621.88,USD
01-03-2020,Durban,IFO380,345.92,USD
01-03-2020,Durban,VLSFO,494.49,USD
01-03-2020,Durban,MGO,717.06,USD
31-03-2020,Singapore,IFO380,246.13,USD
31-03-2020,Singapore,VLSFO,360.37,USD
31-03-2020,Singapore,MGO,522.63,USD
31-03-2020,Fujairah,IFO380,273.26,USD
31-03-2020,Fujairah,VLSFO,365.13,USD
31-03-2020,Fujairah,MGO,532.94,USD
31-03-2020,Rotterdam,IFO380,273.57,USD
31-03-2020,Rotterdam,VLSFO,384.9,USD
31-03-2020,Rotterdam,MGO,564.48,USD
31-03-2020,Houston,IFO380,240.83,USD
31-03-2020,Houston,VLSFO,343.79,USD
31-03-2020,Houston,MGO,501.8,USD
31-03-2020,Durban,IFO380,278.87,USD
31-03-2020,Durban,VLSFO,414.46,USD
31-03-2020,Durban,MGO,587.31,USD
30-04-2020,Singapore,IFO380,171.95,USD
30-04-2020,Singapore,VLSFO,238.12,USD
30-04-2020,Singapore,MGO,338.44,USD
30-04-2020,Fujairah,IFO380,165.01,USD
30-04-2020,Fujairah,VLSFO,227.95,USD
30-04-2020,Fujairah,MGO,336.07,USD
30-04-2020,Rotterdam,IFO380,170.57,USD
30-04-2020,Rotterdam,VLSFO,256.9,USD
30-04-2020,Rotterdam,MGO,363.88,USD
30-04-2020,Houston,IFO380,151.34,USD
30-04-2020,Houston,VLSFO,212.22,USD
30-04-2020,Houston,MGO,316.67,USD
30-04-2020,Durban,IFO380,172.48,USD
30-04-2020,Durban,VLSFO,249.23,USD
30-04-2020,Durban,MGO,363.65,USD
30-05-2020,Singapore,IFO380,180.61,USD
30-05-2020,Singapore,VLSFO,258.51,USD
30-05-2020,Singapore,MGO,373.67,USD
30-05-2020,Fujairah,IFO380,194.25,USD
30-05-2020,Fujairah,VLSFO,269.57,USD
30-05-2020,Fujairah,MGO,403.7,USD
30-05-2020,Rotterdam,IFO380,211.48,USD
30-05-2020,Rotterdam,VLSFO,288.66,USD
30-05-2020,Rotterdam,MGO,424.46,USD
30-05-2020,Houston,IFO380,183.39,USD
30-05-2020,Houston,VLSFO,268.81,USD
30-05-2020,Houston,MGO,391.85,USD
30-05-2020,Durban,IFO380,191.78,USD
30-05-2020,Durban,VLSFO,261.43,USD
30-05-2020,Durban,MGO,391.73,USD
29-06-2020,Singapore,IFO380,203.21,USD
29-06-2020,Singapore,VLSFO,305.75,USD
29-06-2020,Singapore,MGO,425.29,USD
29-06-2020,Fujairah,IFO380,204.8,USD
29-06-2020,Fujairah,VLSFO,297.4,USD
29-06-2020,Fujairah,MGO,414.26,USD
29-06-2020,Rotterdam,IFO380,224.21,USD
29-06-2020,Rotterdam,VLSFO,316.3,USD
29-06-2020,Rotterdam,MGO,467.1,USD
29-06-2020,Houston,IFO380,200.21,USD
29-06-2020,Houston,VLSFO,290.58,USD
29-06-2020,Houston,MGO,418.62,USD
29-06-2020,Durban,IFO380,227.25,USD
29-06-2020,Durban,VLSFO,326.26,USD
29-06-2020,Durban,MGO,456.45,USD
29-07-2020,Singapore,IFO380,202.73,USD
29-07-2020,Singapore,VLSFO,302.96,USD
29-07-2020,Singapore,MGO,443.7,USD
29-07-2020,Fujairah,IFO380,197.73,USD
29-07-2020,Fujairah,VLSFO,286.09,USD
29-07-2020,Fujairah,MGO,413.07,USD
29-07-2020,Rotterdam,IFO380,210.18,USD
29-07-2020,Rotterdam,VLSFO,295.61,USD
29-07-2020,Rotterdam,MGO,422.41,USD
29-07-2020,Houston,IFO380,201.97,USD
29-07-2020,Houston,VLSFO,289.58,USD
29-07-2020,Houston,MGO,418.96,USD
29-07-2020,Durban,IFO380,207.14,USD
29-07-2020,Durban,VLSFO,302.91,USD
29-07-2020,Durban,MGO,438.55,USD
28-08-2020,Singapore,IFO380,218.6,USD
28-08-2020,Singapore,VLSFO,316.56,USD
28-08-2020,Singapore,MGO,448.05,USD
28-08-2020,Fujairah,IFO380,215.41,USD
28-08-2020,Fujairah,VLSFO,308.3,USD
28-08-2020,Fujairah,MGO,454.9,USD
28-08-2020,Rotterdam,IFO380,233.91,USD
28-08-2020,Rotterdam,VLSFO,333.57,USD
28-08-2020,Rotterdam,MGO,476.24,USD
28-08-2020,Houston,IFO380,211.65,USD
28-08-2020,Houston,VLSFO,305.87,USD
28-08-2020,Houston,MGO,440.84,USD
28-08-2020,Durban,IFO380,234.84,USD
28-08-2020,Durban,VLSFO,327.97,USD
28-08-2020,Durban,MGO,492.85,USD
27-09-2020,Singapore,IFO380,215.7,USD
27-09-2020,Singapore,VLSFO,321.45,USD
27-09-2020,Singapore,MGO,464.14,USD
27-09-2020,Fujairah,IFO380,227.68,USD
27-09-2020,Fujairah,VLSFO,320.72,USD
27-09-2020,Fujairah,MGO,459.73,USD
27-09-2020,Rotterdam,IFO380,229.87,USD
27-09-2020,Rotterdam,VLSFO,337.13,USD
27-09-2020,Rotterdam,MGO,482.29,USD
27-09-2020,Houston,IFO380,210.73,USD
27-09-2020,Houston,VLSFO,304.99,USD
27-09-2020,Houston,MGO,436.46,USD
27-09-2020,Durban,IFO380,235.02,USD
27-09-2020,Durban,VLSFO,334.99,USD
27-09-2020,Durban,MGO,481.27,USD
27-10-2020,Singapore,IFO380,245.46,USD
27-10-2020,Singapore,VLSFO,343.2,USD
27-10-2020,Singapore,MGO,497.6,USD
27-10-2020,Fujairah,IFO380,236.76,USD
27-10-2020,Fujairah,VLSFO,341,USD
27-10-2020,Fujairah,MGO,501.5,USD
27-10-2020,Rotterdam,IFO380,258.27,USD
27-10-2020,Rotterdam,VLSFO,370.02,USD
27-10-2020,Rotterdam,MGO,530.63,USD
27-10-2020,Houston,IFO380,234.88,USD
27-10-2020,Houston,VLSFO,338.89,USD
27-10-2020,Houston,MGO,484.56,USD
27-10-2020,Durban,IFO380,272.35,USD
27-10-2020,Durban,VLSFO,377.69,USD
27-10-2020,Durban,MGO,550.69,USD
26-11-2020,Singapore,IFO380,249.99,USD
26-11-2020,Singapore,VLSFO,360.89,USD
26-11-2020,Singapore,MGO,522.07,USD
26-11-2020,Fujairah,IFO380,240.73,USD
26-11-2020,Fujairah,VLSFO,349.52,USD
26-11-2020,Fujairah,MGO,509.65,USD
26-11-2020,Rotterdam,IFO380,270.51,USD
26-11-2020,Rotterdam,VLSFO,388.2,USD
26-11-2020,Rotterdam,MGO,545.8,USD
26-11-2020,Houston,IFO380,244.94,USD
26-11-2020,Houston,VLSFO,357.36,USD
26-11-2020,Houston,MGO,500.62,USD
26-11-2020,Durban,IFO380,255.17,USD
26-11-2020,Durban,VLSFO,360.31,USD
26-11-2020,Durban,MGO,531.62,USD
26-12-2020,Singapore,IFO380,259.04,USD
26-12-2020,Singapore,VLSFO,370.34,USD
26-12-2020,Singapore,MGO,546.27,USD
26-12-2020,Fujairah,IFO380,258.02,USD
26-12-2020,Fujairah,VLSFO,369.12,USD
26-12-2020,Fujairah,MGO,543.39,USD
26-12-2020,Rotterdam,IFO380,270.16,USD
26-12-2020,Rotterdam,VLSFO,377.57,USD
26-12-2020,Rotterdam,MGO,537.83,USD
26-12-2020,Houston,IFO380,248.19,USD
26-12-2020,Houston,VLSFO,344.43,USD
26-12-2020,Houston,MGO,507.51,USD
26-12-2020,Durban,IFO380,263,USD
26-12-2020,Durban,VLSFO,380.02,USD
26-12-2020,Durban,MGO,551.28,USD
25-01-2021,Singapore,IFO380,273.16,USD
25-01-2021,Singapore,VLSFO,381.52,USD
25-01-2021,Singapore,MGO,558.53,USD
25-01-2021,Fujairah,IFO380,269.66,USD
25-01-2021,Fujairah,VLSFO,384.4,USD
25-01-2021,Fujairah,MGO,546.51,USD
25-01-2021,Rotterdam,IFO380,276.82,USD
25-01-2021,Rotterdam,VLSFO,387.66,USD
25-01-2021,Rotterdam,MGO,555.69,USD
25-01-2021,Houston,IFO380,270.33,USD
25-01-2021,Houston,VLSFO,390.07,USD
25-01-2021,Houston,MGO,559.17,USD
25-01-2021,Durban,IFO380,311.46,USD
25-01-2021,Durban,VLSFO,431.41,USD
25-01-2021,Durban,MGO,632.81,USD
24-02-2021,Singapore,IFO380,298.18,USD
24-02-2021,Singapore,VLSFO,412.34,USD
24-02-2021,Singapore,MGO,607.6,USD
24-02-2021,Fujairah,IFO380,279.25,USD
24-02-2021,Fujairah,VLSFO,406.75,USD
24-02-2021,Fujairah,MGO,584.42,USD
24-02-2021,Rotterdam,IFO380,299.18,USD
24-02-2021,Rotterdam,VLSFO,428.28,USD
24-02-2021,Rotterdam,MGO,612.73,USD
24-02-2021,Houston,IFO380,279.3,USD
24-02-2021,Houston,VLSFO,402.05,USD
24-02-2021,Houston,MGO,592.51,USD
24-02-2021,Durban,IFO380,308.47,USD
24-02-2021,Durban,VLSFO,432.63,USD
24-02-2021,Durban,MGO,638.78,USD
26-03-2021,Singapore,IFO380,291.96,USD
26-03-2021,Singapore,VLSFO,413.77,USD
26-03-2021,Singapore,MGO,592.2,USD
26-03-2021,Fujairah,IFO380,280.4,USD
26-03-2021,Fujairah,VLSFO,407.88,USD
26-03-2021,Fujairah,MGO,597.52,USD
26-03-2021,Rotterdam,IFO380,299.22,USD
26-03-2021,Rotterdam,VLSFO,421.74,USD
26-03-2021,Rotterdam,MGO,609.84,USD
26-03-2021,Houston,IFO380,276.55,USD
26-03-2021,Houston,VLSFO,400.25,USD
26-03-2021,Houston,MGO,576.39,USD
26-03-2021,Durban,IFO380,325.67,USD
26-03-2021,Durban,VLSFO,462.19,USD
26-03-2021,Durban,MGO,675.51,USD
25-04-2021,Singapore,IFO380,296.46,USD
25-04-2021,Singapore,VLSFO,427.54,USD
25-04-2021,Singapore,MGO,620.92,USD
25-04-2021,Fujairah,IFO380,286.59,USD
25-04-2021,Fujairah,VLSFO,412.43,USD
25-04-2021,Fujairah,MGO,585.81,USD
25-04-2021,Rotterdam,IFO380,304.26,USD
25-04-2021,Rotterdam,VLSFO,431.48,USD
25-04-2021,Rotterdam,MGO,614.61,USD
25-04-2021,Houston,IFO380,290.9,USD
25-04-2021,Houston,VLSFO,425.66,USD
25-04-2021,Houston,MGO,606.07,USD
25-04-2021,Durban,IFO380,310.24,USD
25-04-2021,Durban,VLSFO,443.6,USD
25-04-2021,Durban,MGO,653.76,USD
25-05-2021,Singapore,IFO380,302.34,USD
25-05-2021,Singapore,VLSFO,439.48,USD
25-05-2021,Singapore,MGO,634.51,USD
25-05-2021,Fujairah,IFO380,319.05,USD
25-05-2021,Fujairah,VLSFO,449.45,USD
25-05-2021,Fujairah,MGO,660.63,USD
25-05-2021,Rotterdam,IFO380,318.18,USD
25-05-2021,Rotterdam,VLSFO,466.79,USD
25-05-2021,Rotterdam,MGO,671.25,USD
25-05-2021,Houston,IFO380,293.36,USD
25-05-2021,Houston,VLSFO,416.94,USD
25-05-2021,Houston,MGO,601.35,USD
25-05-2021,Durban,IFO380,347.41,USD
25-05-2021,Durban,VLSFO,477.07,USD
25-05-2021,Durban,MGO,703.24,USD
24-06-2021,Singapore,IFO380,313.88,USD
24-06-2021,Singapore,VLSFO,449.5,USD
24-06-2021,Singapore,MGO,650.03,USD
24-06-2021,Fujairah,IFO380,308.75,USD
24-06-2021,Fujairah,VLSFO,448.08,USD
24-06-2021,Fujairah,MGO,647.85,USD
24-06-2021,Rotterdam,IFO380,322.57,USD
24-06-2021,Rotterdam,VLSFO,464.99,USD
24-06-2021,Rotterdam,MGO,682.12,USD
24-06-2021,Houston,IFO380,304.2,USD
24-06-2021,Houston,VLSFO,441.95,USD
24-06-2021,Houston,MGO,644.76,USD
24-06-2021,Durban,IFO380,329.22,USD
24-06-2021,Durban,VLSFO,463.78,USD
24-06-2021,Durban,MGO,679.75,USD
24-07-2021,Singapore,IFO380,320.44,USD
24-07-2021,Singapore,VLSFO,464.16,USD
24-07-2021,Singapore,MGO,682.76,USD
24-07-2021,Fujairah,IFO380,322.77,USD
24-07-2021,Fujairah,VLSFO,470.12,USD
24-07-2021,Fujairah,MGO,668,USD
24-07-2021,Rotterdam,IFO380,336.18,USD
24-07-2021,Rotterdam,VLSFO,486.3,USD
24-07-2021,Rotterdam,MGO,709.21,USD
24-07-2021,Houston,IFO380,312.63,USD
24-07-2021,Houston,VLSFO,453.38,USD
24-07-2021,Houston,MGO,648.1,USD
24-07-2021,Durban,IFO380,352.84,USD
24-07-2021,Durban,VLSFO,514.24,USD
24-07-2021,Durban,MGO,751.22,USD
23-08-2021,Singapore,IFO380,317.7,USD
23-08-2021,Singapore,VLSFO,461.86,USD
23-08-2021,Singapore,MGO,665.13,USD
23-08-2021,Fujairah,IFO380,324.23,USD
23-08-2021,Fujairah,VLSFO,467.84,USD
23-08-2021,Fujairah,MGO,676.93,USD
23-08-2021,Rotterdam,IFO380,350.66,USD
23-08-2021,Rotterdam,VLSFO,500.48,USD
23-08-2021,Rotterdam,MGO,721.26,USD
23-08-2021,Houston,IFO380,313.89,USD
23-08-2021,Houston,VLSFO,453.09,USD
23-08-2021,Houston,MGO,652.16,USD
23-08-2021,Durban,IFO380,364.4,USD
23-08-2021,Durban,VLSFO,509.23,USD
23-08-2021,Durban,MGO,731.37,USD
22-09-2021,Singapore,IFO380,351.17,USD
22-09-2021,Singapore,VLSFO,496.43,USD
22-09-2021,Singapore,MGO,725.6,USD
22-09-2021,Fujairah,IFO380,330.28,USD
22-09-2021,Fujairah,VLSFO,474.41,USD
22-09-2021,Fujairah,MGO,697.85,USD
22-09-2021,Rotterdam,IFO380,359.57,USD
22-09-2021,Rotterdam,VLSFO,518.56,USD
22-09-2021,Rotterdam,MGO,733.83,USD
22-09-2021,Houston,IFO380,339.41,USD
22-09-2021,Houston,VLSFO,473.45,USD
22-09-2021,Houston,MGO,701.95,USD
22-09-2021,Durban,IFO380,369.35,USD
22-09-2021,Durban,VLSFO,533.14,USD
22-09-2021,Durban,MGO,783,USD
22-10-2021,Singapore,IFO380,363.81,USD
22-10-2021,Singapore,VLSFO,516.12,USD
22-10-2021,Singapore,MGO,745.93,USD
22-10-2021,Fujairah,IFO380,354.36,USD
22-10-2021,Fujairah,VLSFO,512.62,USD
22-10-2021,Fujairah,MGO,740.02,USD
22-10-2021,Rotterdam,IFO380,377.34,USD
22-10-2021,Rotterdam,VLSFO,540.83,USD
22-10-2021,Rotterdam,MGO,775.13,USD
22-10-2021,Houston,IFO380,340.93,USD
22-10-2021,Houston,VLSFO,492.25,USD
22-10-2021,Houston,MGO,718.61,USD
22-10-2021,Durban,IFO380,384.2,USD
22-10-2021,Durban,VLSFO,558.92,USD
22-10-2021,Durban,MGO,813.53,USD
21-11-2021,Singapore,IFO380,380.92,USD
21-11-2021,Singapore,VLSFO,527.68,USD
21-11-2021,Singapore,MGO,762.15,USD
21-11-2021,Fujairah,IFO380,361.17,USD
21-11-2021,Fujairah,VLSFO,507.89,USD
21-11-2021,Fujairah,MGO,732.32,USD
21-11-2021,Rotterdam,IFO380,377.03,USD
21-11-2021,Rotterdam,VLSFO,556.44,USD
21-11-2021,Rotterdam,MGO,793.43,USD
21-11-2021,Houston,IFO380,359.25,USD
21-11-2021,Houston,VLSFO,509.96,USD
21-11-2021,Houston,MGO,737.99,USD
21-11-2021,Durban,IFO380,388.82,USD
21-11-2021,Durban,VLSFO,559.61,USD
21-11-2021,Durban,MGO,808.6,USD
21-12-2021,Singapore,IFO380,397.79,USD
21-12-2021,Singapore,VLSFO,567.97,USD
21-12-2021,Singapore,MGO,828.54,USD
21-12-2021,Fujairah,IFO380,391.53,USD
21-12-2021,Fujairah,VLSFO,544.74,USD
21-12-2021,Fujairah,MGO,808.87,USD
21-12-2021,Rotterdam,IFO380,402.34,USD
21-12-2021,Rotterdam,VLSFO,573.77,USD
21-12-2021,Rotterdam,MGO,827.91,USD
21-12-2021,Houston,IFO380,382.89,USD
21-12-2021,Houston,VLSFO,541.3,USD
21-12-2021,Houston,MGO,784.6,USD
21-12-2021,Durban,IFO380,423.27,USD
21-12-2021,Durban,VLSFO,591.71,USD
21-12-2021,Durban,MGO,850.47,USD
20-01-2022,Singapore,IFO380,412.07,USD
20-01-2022,Singapore,VLSFO,579.83,USD
20-01-2022,Singapore,MGO,856.06,USD
20-01-2022,Fujairah,IFO380,408.52,USD
20-01-2022,Fujairah,VLSFO,586.03,USD
20-01-2022,Fujairah,MGO,845.77,USD
20-01-2022,Rotterdam,IFO380,419.67,USD
20-01-2022,Rotterdam,VLSFO,617.72,USD
20-01-2022,Rotterdam,MGO,881.13,USD
20-01-2022,Houston,IFO380,397.84,USD
20-01-2022,Houston,VLSFO,569.31,USD
20-01-2022,Houston,MGO,823.48,USD
20-01-2022,Durban,IFO380,432.58,USD
20-01-2022,Durban,VLSFO,621.75,USD
20-01-2022,Durban,MGO,898.46,USD
19-02-2022,Singapore,IFO380,431.57,USD
19-02-2022,Singapore,VLSFO,614.74,USD
19-02-2022,Singapore,MGO,901.88,USD
19-02-2022,Fujairah,IFO380,417.82,USD
19-02-2022,Fujairah,VLSFO,594.07,USD
19-02-2022,Fujairah,MGO,841.73,USD
19-02-2022,Rotterdam,IFO380,443.03,USD
19-02-2022,Rotterdam,VLSFO,629.93,USD
19-02-2022,Rotterdam,MGO,916.89,USD
19-02-2022,Houston,IFO380,419.21,USD
19-02-2022,Houston,VLSFO,590.1,USD
19-02-2022,Houston,MGO,857.84,USD
19-02-2022,Durban,IFO380,459.48,USD
19-02-2022,Durban,VLSFO,662.36,USD
19-02-2022,Durban,MGO,966.4,USD
21-03-2022,Singapore,IFO380,543.12,USD
21-03-2022,Singapore,VLSFO,769.83,USD
21-03-2022,Singapore,MGO,1115.4,USD
21-03-2022,Fujairah,IFO380,539.5,USD
21-03-2022,Fujairah,VLSFO,766.09,USD
21-03-2022,Fujairah,MGO,1119.89,USD
21-03-2022,Rotterdam,IFO380,557.3,USD
21-03-2022,Rotterdam,VLSFO,794.11,USD
21-03-2022,Rotterdam,MGO,1146.16,USD
21-03-2022,Houston,IFO380,518.47,USD
21-03-2022,Houston,VLSFO,753.3,USD
21-03-2022,Houston,MGO,1085.82,USD
21-03-2022,Durban,IFO380,578.95,USD
21-03-2022,Durban,VLSFO,816.77,USD
21-03-2022,Durban,MGO,1179.95,USD
20-04-2022,Singapore,IFO380,562.57,USD
20-04-2022,Singapore,VLSFO,794.22,USD
20-04-2022,Singapore,MGO,1169.57,USD
20-04-2022,Fujairah,IFO380,553.03,USD
20-04-2022,Fujairah,VLSFO,778.77,USD
20-04-2022,Fujairah,MGO,1127.42,USD
20-04-2022,Rotterdam,IFO380,581.62,USD
20-04-2022,Rotterdam,VLSFO,827.88,USD
20-04-2022,Rotterdam,MGO,1207.27,USD
20-04-2022,Houston,IFO380,544.82,USD
20-04-2022,Houston,VLSFO,775.79,USD
20-04-2022,Houston,MGO,1126.66,USD
20-04-2022,Durban,IFO380,593.64,USD
20-04-2022,Durban,VLSFO,854.88,USD
20-04-2022,Durban,MGO,1251.86,USD
20-05-2022,Singapore,IFO380,599.44,USD
20-05-2022,Singapore,VLSFO,857.73,USD
20-05-2022,Singapore,MGO,1245.69,USD
20-05-2022,Fujairah,IFO380,581.12,USD
20-05-2022,Fujairah,VLSFO,836.51,USD
20-05-2022,Fujairah,MGO,1205.93,USD
20-05-2022,Rotterdam,IFO380,611.69,USD
20-05-2022,Rotterdam,VLSFO,890.12,USD
20-05-2022,Rotterdam,MGO,1287.55,USD
20-05-2022,Houston,IFO380,582.01,USD
20-05-2022,Houston,VLSFO,831.08,USD
20-05-2022,Houston,MGO,1201.49,USD
20-05-2022,Durban,IFO380,616.34,USD
20-05-2022,Durban,VLSFO,887.12,USD
20-05-2022,Durban,MGO,1290.11,USD
19-06-2022,Singapore,IFO380,626.63,USD
19-06-2022,Singapore,VLSFO,901.11,USD
19-06-2022,Singapore,MGO,1301,USD
19-06-2022,Fujairah,IFO380,605.49,USD
19-06-2022,Fujairah,VLSFO,871.34,USD
19-06-2022,Fujairah,MGO,1260.69,USD
19-06-2022,Rotterdam,IFO380,646.04,USD
19-06-2022,Rotterdam,VLSFO,911.6,USD
19-06-2022,Rotterdam,MGO,1343.11,USD
19-06-2022,Houston,IFO380,606.64,USD
19-06-2022,Houston,VLSFO,861.88,USD
19-06-2022,Houston,MGO,1258.91,USD
19-06-2022,Durban,IFO380,662.35,USD
19-06-2022,Durban,VLSFO,955.58,USD
19-06-2022,Durban,MGO,1370.16,USD
19-07-2022,Singapore,IFO380,598.82,USD
19-07-2022,Singapore,VLSFO,860.34,USD
19-07-2022,Singapore,MGO,1258.32,USD
19-07-2022,Fujairah,IFO380,591.55,USD
19-07-2022,Fujairah,VLSFO,834.95,USD
19-07-2022,Fujairah,MGO,1203.2,USD
19-07-2022,Rotterdam,IFO380,624.28,USD
19-07-2022,Rotterdam,VLSFO,887.37,USD
19-07-2022,Rotterdam,MGO,1273.66,USD
19-07-2022,Houston,IFO380,568.3,USD
19-07-2022,Houston,VLSFO,813.32,USD
19-07-2022,Houston,MGO,1183.48,USD
19-07-2022,Durban,IFO380,627.92,USD
19-07-2022,Durban,VLSFO,908.09,USD
19-07-2022,Durban,MGO,1318.2,USD
18-08-2022,Singapore,IFO380,580.85,USD
18-08-2022,Singapore,VLSFO,825.4,USD
18-08-2022,Singapore,MGO,1194.75,USD
18-08-2022,Fujairah,IFO380,552.99,USD
18-08-2022,Fujairah,VLSFO,803.56,USD
18-08-2022,Fujairah,MGO,1163.92,USD
18-08-2022,Rotterdam,IFO380,585.62,USD
18-08-2022,Rotterdam,VLSFO,841.39,USD
18-08-2022,Rotterdam,MGO,1232.61,USD
18-08-2022,Houston,IFO380,553.36,USD
18-08-2022,Houston,VLSFO,785.76,USD
18-08-2022,Houston,MGO,1139.36,USD
18-08-2022,Durban,IFO380,611.47,USD
18-08-2022,Durban,VLSFO,877.6,USD
18-08-2022,Durban,MGO,1269.19,USD
17-09-2022,Singapore,IFO380,544.89,USD
17-09-2022,Singapore,VLSFO,781.51,USD
17-09-2022,Singapore,MGO,1129.03,USD
17-09-2022,Fujairah,IFO380,538.98,USD
17-09-2022,Fujairah,VLSFO,775.61,USD
17-09-2022,Fujairah,MGO,1123.08,USD
17-09-2022,Rotterdam,IFO380,574.81,USD
17-09-2022,Rotterdam,VLSFO,823.88,USD
17-09-2022,Rotterdam,MGO,1179.73,USD
17-09-2022,Houston,IFO380,532.28,USD
17-09-2022,Houston,VLSFO,754.37,USD
17-09-2022,Houston,MGO,1099.75,USD
17-09-2022,Durban,IFO380,584.58,USD
17-09-2022,Durban,VLSFO,834.25,USD
17-09-2022,Durban,MGO,1194.15,USD
17-10-2022,Singapore,IFO380,524.63,USD
17-10-2022,Singapore,VLSFO,745.4,USD
17-10-2022,Singapore,MGO,1068.53,USD
17-10-2022,Fujairah,IFO380,505.38,USD
17-10-2022,Fujairah,VLSFO,718.6,USD
17-10-2022,Fujairah,MGO,1044.26,USD
17-10-2022,Rotterdam,IFO380,524.64,USD
17-10-2022,Rotterdam,VLSFO,754.83,USD
17-10-2022,Rotterdam,MGO,1096.11,USD
17-10-2022,Houston,IFO380,502.15,USD
17-10-2022,Houston,VLSFO,728.43,USD
17-10-2022,Houston,MGO,1049.23,USD
17-10-2022,Durban,IFO380,553.41,USD
17-10-2022,Durban,VLSFO,781.28,USD
17-10-2022,Durban,MGO,1141.66,USD
16-11-2022,Singapore,IFO380,475.47,USD
16-11-2022,Singapore,VLSFO,676.89,USD
16-11-2022,Singapore,MGO,994.54,USD
16-11-2022,Fujairah,IFO380,457.08,USD
16-11-2022,Fujairah,VLSFO,654.28,USD
16-11-2022,Fujairah,MGO,948.99,USD
16-11-2022,Rotterdam,IFO380,488.41,USD
16-11-2022,Rotterdam,VLSFO,694.92,USD
16-11-2022,Rotterdam,MGO,995.97,USD
16-11-2022,Houston,IFO380,451.11,USD
16-11-2022,Houston,VLSFO,638.87,USD
16-11-2022,Houston,MGO,933.37,USD
16-11-2022,Durban,IFO380,494.49,USD
16-11-2022,Durban,VLSFO,723.43,USD
16-11-2022,Durban,MGO,1050.78,USD
16-12-2022,Singapore,IFO380,430.93,USD
16-12-2022,Singapore,VLSFO,619.53,USD
16-12-2022,Singapore,MGO,898.66,USD
16-12-2022,Fujairah,IFO380,440.01,USD
16-12-2022,Fujairah,VLSFO,613.52,USD
16-12-2022,Fujairah,MGO,885.84,USD
16-12-2022,Rotterdam,IFO380,436.16,USD
16-12-2022,Rotterdam,VLSFO,628.18,USD
16-12-2022,Rotterdam,MGO,921.81,USD
16-12-2022,Houston,IFO380,416.24,USD
16-12-2022,Houston,VLSFO,592.97,USD
16-12-2022,Houston,MGO,867.03,USD
16-12-2022,Durban,IFO380,476.6,USD
16-12-2022,Durban,VLSFO,682.7,USD
16-12-2022,Durban,MGO,999.01,USD
15-01-2023,Singapore,IFO380,431.68,USD
15-01-2023,Singapore,VLSFO,605.83,USD
15-01-2023,Singapore,MGO,872.91,USD
15-01-2023,Fujairah,IFO380,419.63,USD
15-01-2023,Fujairah,VLSFO,594.83,USD
15-01-2023,Fujairah,MGO,860.79,USD
15-01-2023,Rotterdam,IFO380,444.74,USD
15-01-2023,Rotterdam,VLSFO,632.52,USD
15-01-2023,Rotterdam,MGO,913.02,USD
15-01-2023,Houston,IFO380,402.6,USD
15-01-2023,Houston,VLSFO,578.92,USD
15-01-2023,Houston,MGO,827.53,USD
15-01-2023,Durban,IFO380,445.37,USD
15-01-2023,Durban,VLSFO,639.17,USD
15-01-2023,Durban,MGO,934.3,USD
14-02-2023,Singapore,IFO380,396.29,USD
14-02-2023,Singapore,VLSFO,560.36,USD
14-02-2023,Singapore,MGO,824.88,USD
14-02-2023,Fujairah,IFO380,401.33,USD
14-02-2023,Fujairah,VLSFO,556.64,USD
14-02-2023,Fujairah,MGO,810.23,USD
14-02-2023,Rotterdam,IFO380,416.57,USD
14-02-2023,Rotterdam,VLSFO,583.45,USD
14-02-2023,Rotterdam,MGO,848.23,USD
14-02-2023,Houston,IFO380,383.78,USD
14-02-2023,Houston,VLSFO,545.14,USD
14-02-2023,Houston,MGO,794.21,USD
14-02-2023,Durban,IFO380,421.35,USD
14-02-2023,Durban,VLSFO,609.8,USD
14-02-2023,Durban,MGO,879.23,USD
16-03-2023,Singapore,IFO380,389.25,USD
16-03-2023,Singapore,VLSFO,564.72,USD
16-03-2023,Singapore,MGO,824.35,USD
16-03-2023,Fujairah,IFO380,391.36,USD
16-03-2023,Fujairah,VLSFO,557.33,USD
16-03-2023,Fujairah,MGO,822.64,USD
16-03-2023,Rotterdam,IFO380,383.49,USD
16-03-2023,Rotterdam,VLSFO,565.31,USD
16-03-2023,Rotterdam,MGO,814.13,USD
16-03-2023,Houston,IFO380,374,USD
16-03-2023,Houston,VLSFO,530.2,USD
16-03-2023,Houston,MGO,763.99,USD
16-03-2023,Durban,IFO380,410.76,USD
16-03-2023,Durban,VLSFO,583.17,USD
16-03-2023,Durban,MGO,841.23,USD
15-04-2023,Singapore,IFO380,403.49,USD
15-04-2023,Singapore,VLSFO,577.96,USD
15-04-2023,Singapore,MGO,842.74,USD
15-04-2023,Fujairah,IFO380,394.06,USD
15-04-2023,Fujairah,VLSFO,560.24,USD
15-04-2023,Fujairah,MGO,815.86,USD
15-04-2023,Rotterdam,IFO380,412.45,USD
15-04-2023,Rotterdam,VLSFO,578.58,USD
15-04-2023,Rotterdam,MGO,846.12,USD
15-04-2023,Houston,IFO380,389.25,USD
15-04-2023,Houston,VLSFO,555.08,USD
15-04-2023,Houston,MGO,804.25,USD
15-04-2023,Durban,IFO380,436.3,USD
15-04-2023,Durban,VLSFO,614.57,USD
15-04-2023,Durban,MGO,894.25,USD
15-05-2023,Singapore,IFO380,430.12,USD
15-05-2023,Singapore,VLSFO,601.46,USD
15-05-2023,Singapore,MGO,886.85,USD
15-05-2023,Fujairah,IFO380,407.48,USD
15-05-2023,Fujairah,VLSFO,592.84,USD
15-05-2023,Fujairah,MGO,854.79,USD
15-05-2023,Rotterdam,IFO380,438.03,USD
15-05-2023,Rotterdam,VLSFO,628.63,USD
15-05-2023,Rotterdam,MGO,902.76,USD
15-05-2023,Houston,IFO380,391.71,USD
15-05-2023,Houston,VLSFO,570.56,USD
15-05-2023,Houston,MGO,841.07,USD
15-05-2023,Durban,IFO380,456.32,USD
15-05-2023,Durban,VLSFO,644.98,USD
15-05-2023,Durban,MGO,940.54,USD
14-06-2023,Singapore,IFO380,411.37,USD
14-06-2023,Singapore,VLSFO,601.95,USD
14-06-2023,Singapore,MGO,869.38,USD
14-06-2023,Fujairah,IFO380,407.88,USD
14-06-2023,Fujairah,VLSFO,583.33,USD
14-06-2023,Fujairah,MGO,832.37,USD
14-06-2023,Rotterdam,IFO380,424.72,USD
14-06-2023,Rotterdam,VLSFO,607.61,USD
14-06-2023,Rotterdam,MGO,885.16,USD
14-06-2023,Houston,IFO380,413.76,USD
14-06-2023,Houston,VLSFO,584.22,USD
14-06-2023,Houston,MGO,853.87,USD
14-06-2023,Durban,IFO380,456.62,USD
14-06-2023,Durban,VLSFO,645.95,USD
14-06-2023,Durban,MGO,932.4,USD
14-07-2023,Singapore,IFO380,433.59,USD
14-07-2023,Singapore,VLSFO,620.18,USD
14-07-2023,Singapore,MGO,897.88,USD
14-07-2023,Fujairah,IFO380,422.58,USD
14-07-2023,Fujairah,VLSFO,612.78,USD
14-07-2023,Fujairah,MGO,882.08,USD
14-07-2023,Rotterdam,IFO380,451.18,USD
14-07-2023,Rotterdam,VLSFO,656.41,USD
14-07-2023,Rotterdam,MGO,942.91,USD
14-07-2023,Houston,IFO380,405.47,USD
14-07-2023,Houston,VLSFO,581.42,USD
14-07-2023,Houston,MGO,847.47,USD
14-07-2023,Durban,IFO380,455.2,USD
14-07-2023,Durban,VLSFO,654.29,USD
14-07-2023,Durban,MGO,961.71,USD
13-08-2023,Singapore,IFO380,432.74,USD
13-08-2023,Singapore,VLSFO,615.24,USD
13-08-2023,Singapore,MGO,892.6,USD
13-08-2023,Fujairah,IFO380,412.73,USD
13-08-2023,Fujairah,VLSFO,595.89,USD
13-08-2023,Fujairah,MGO,855.53,USD
13-08-2023,Rotterdam,IFO380,441.76,USD
13-08-2023,Rotterdam,VLSFO,624.52,USD
13-08-2023,Rotterdam,MGO,917.81,USD
13-08-2023,Houston,IFO380,392.19,USD
13-08-2023,Houston,VLSFO,571.63,USD
13-08-2023,Houston,MGO,833.84,USD
13-08-2023,Durban,IFO380,458.2,USD
13-08-2023,Durban,VLSFO,662.16,USD
13-08-2023,Durban,MGO,953.64,USD
12-09-2023,Singapore,IFO380,417.15,USD
12-09-2023,Singapore,VLSFO,592.22,USD
12-09-2023,Singapore,MGO,845.48,USD
12-09-2023,Fujairah,IFO380,419.32,USD
12-09-2023,Fujairah,VLSFO,586.67,USD
12-09-2023,Fujairah,MGO,856.68,USD
12-09-2023,Rotterdam,IFO380,430.27,USD
12-09-2023,Rotterdam,VLSFO,610.62,USD
12-09-2023,Rotterdam,MGO,884.55,USD
12-09-2023,Houston,IFO380,402.64,USD
12-09-2023,Houston,VLSFO,568.99,USD
12-09-2023,Houston,MGO,819.67,USD
12-09-2023,Durban,IFO380,429.42,USD
12-09-2023,Durban,VLSFO,638.4,USD
12-09-2023,Durban,MGO,908.58,USD
12-10-2023,Singapore,IFO380,415.78,USD
12-10-2023,Singapore,VLSFO,596.79,USD
12-10-2023,Singapore,MGO,879.82,USD
12-10-2023,Fujairah,IFO380,413.88,USD
12-10-2023,Fujairah,VLSFO,588.6,USD
12-10-2023,Fujairah,MGO,856.6,USD
12-10-2023,Rotterdam,IFO380,429.66,USD
12-10-2023,Rotterdam,VLSFO,626.94,USD
12-10-2023,Rotterdam,MGO,900.33,USD
12-10-2023,Houston,IFO380,395.13,USD
12-10-2023,Houston,VLSFO,573.53,USD
12-10-2023,Houston,MGO,828.01,USD
12-10-2023,Durban,IFO380,444.09,USD
12-10-2023,Durban,VLSFO,635.62,USD
12-10-2023,Durban,MGO,935.97,USD
11-11-2023,Singapore,IFO380,420.97,USD
11-11-2023,Singapore,VLSFO,602.43,USD
11-11-2023,Singapore,MGO,868.98,USD
11-11-2023,Fujairah,IFO380,406.62,USD
11-11-2023,Fujairah,VLSFO,582,USD
11-11-2023,Fujairah,MGO,844.09,USD
11-11-2023,Rotterdam,IFO380,434.57,USD
11-11-2023,Rotterdam,VLSFO,623.38,USD
11-11-2023,Rotterdam,MGO,899.16,USD
11-11-2023,Houston,IFO380,390.97,USD
11-11-2023,Houston,VLSFO,576.47,USD
11-11-2023,Houston,MGO,832.64,USD
11-11-2023,Durban,IFO380,434.75,USD
11-11-2023,Durban,VLSFO,650.11,USD
11-11-2023,Durban,MGO,929.71,USD
11-12-2023,Singapore,IFO380,411.63,USD
11-12-2023,Singapore,VLSFO,597.93,USD
11-12-2023,Singapore,MGO,857.12,USD
11-12-2023,Fujairah,IFO380,410.45,USD
11-12-2023,Fujairah,VLSFO,571.92,USD
11-12-2023,Fujairah,MGO,831.7,USD
11-12-2023,Rotterdam,IFO380,432.51,USD
11-12-2023,Rotterdam,VLSFO,614.93,USD
11-12-2023,Rotterdam,MGO,892.96,USD
11-12-2023,Houston,IFO380,408.86,USD
11-12-2023,Houston,VLSFO,585.31,USD
11-12-2023,Houston,MGO,853.83,USD
11-12-2023,Durban,IFO380,450.58,USD
11-12-2023,Durban,VLSFO,637.77,USD
11-12-2023,Durban,MGO,914.2,USD
10-01-2024,Singapore,IFO380,398.54,USD
10-01-2024,Singapore,VLSFO,578.74,USD
10-01-2024,Singapore,MGO,832.89,USD
10-01-2024,Fujairah,IFO380,390.79,USD
10-01-2024,Fujairah,VLSFO,557.21,USD
10-01-2024,Fujairah,MGO,808.62,USD
10-01-2024,Rotterdam,IFO380,421.76,USD
10-01-2024,Rotterdam,VLSFO,598.3,USD
10-01-2024,Rotterdam,MGO,874.74,USD
10-01-2024,Houston,IFO380,382.03,USD
10-01-2024,Houston,VLSFO,556.92,USD
10-01-2024,Houston,MGO,808.28,USD
10-01-2024,Durban,IFO380,426.05,USD
10-01-2024,Durban,VLSFO,598.21,USD
10-01-2024,Durban,MGO,869.03,USD
09-02-2024,Singapore,IFO380,404.46,USD
09-02-2024,Singapore,VLSFO,573.3,USD
09-02-2024,Singapore,MGO,829,USD
09-02-2024,Fujairah,IFO380,400.58,USD
09-02-2024,Fujairah,VLSFO,574.34,USD
09-02-2024,Fujairah,MGO,825.63,USD
09-02-2024,Rotterdam,IFO380,406.62,USD
09-02-2024,Rotterdam,VLSFO,596.9,USD
09-02-2024,Rotterdam,MGO,862.04,USD
09-02-2024,Houston,IFO380,396.31,USD
09-02-2024,Houston,VLSFO,554,USD
09-02-2024,Houston,MGO,795.65,USD
09-02-2024,Durban,IFO380,423.37,USD
09-02-2024,Durban,VLSFO,582.89,USD
09-02-2024,Durban,MGO,843.38,USD
10-03-2024,Singapore,IFO380,400.64,USD
10-03-2024,Singapore,VLSFO,560.46,USD
10-03-2024,Singapore,MGO,808.02,USD
10-03-2024,Fujairah,IFO380,383.65,USD
10-03-2024,Fujairah,VLSFO,545.01,USD
10-03-2024,Fujairah,MGO,787.55,USD
10-03-2024,Rotterdam,IFO380,396.02,USD
10-03-2024,Rotterdam,VLSFO,563.17,USD
10-03-2024,Rotterdam,MGO,819.29,USD
10-03-2024,Houston,IFO380,358.81,USD
10-03-2024,Houston,VLSFO,509.34,USD
10-03-2024,Houston,MGO,737.65,USD
10-03-2024,Durban,IFO380,415.42,USD
10-03-2024,Durban,VLSFO,587.18,USD
10-03-2024,Durban,MGO,836.67,USD
09-04-2024,Singapore,IFO380,397.58,USD
09-04-2024,Singapore,VLSFO,557.33,USD
09-04-2024,Singapore,MGO,812.47,USD
09-04-2024,Fujairah,IFO380,386.95,USD
09-04-2024,Fujairah,VLSFO,560.12,USD
09-04-2024,Fujairah,MGO,803.56,USD
09-04-2024,Rotterdam,IFO380,406.76,USD
09-04-2024,Rotterdam,VLSFO,572.43,USD
09-04-2024,Rotterdam,MGO,841.9,USD
09-04-2024,Houston,IFO380,383.81,USD
09-04-2024,Houston,VLSFO,545.25,USD
09-04-2024,Houston,MGO,797.49,USD
09-04-2024,Durban,IFO380,419.59,USD
09-04-2024,Durban,VLSFO,602.97,USD
09-04-2024,Durban,MGO,876.85,USD
09-05-2024,Singapore,IFO380,408.17,USD
09-05-2024,Singapore,VLSFO,580.01,USD
09-05-2024,Singapore,MGO,841.11,USD
09-05-2024,Fujairah,IFO380,401.49,USD
09-05-2024,Fujairah,VLSFO,556.08,USD
09-05-2024,Fujairah,MGO,809.37,USD
09-05-2024,Rotterdam,IFO380,419.95,USD
09-05-2024,Rotterdam,VLSFO,592.35,USD
09-05-2024,Rotterdam,MGO,868.11,USD
09-05-2024,Houston,IFO380,389.08,USD
09-05-2024,Houston,VLSFO,550.49,USD
09-05-2024,Houston,MGO,815.93,USD
09-05-2024,Durban,IFO380,425.47,USD
09-05-2024,Durban,VLSFO,608.13,USD
09-05-2024,Durban,MGO,880.6,USD
08-06-2024,Singapore,IFO380,390.28,USD
08-06-2024,Singapore,VLSFO,558.64,USD
08-06-2024,Singapore,MGO,808.89,USD
08-06-2024,Fujairah,IFO380,399.64,USD
08-06-2024,Fujairah,VLSFO,552.9,USD
08-06-2024,Fujairah,MGO,796.72,USD
08-06-2024,Rotterdam,IFO380,415.8,USD
08-06-2024,Rotterdam,VLSFO,572.35,USD
08-06-2024,Rotterdam,MGO,844.41,USD
08-06-2024,Houston,IFO380,382.66,USD
08-06-2024,Houston,VLSFO,552.89,USD
08-06-2024,Houston,MGO,808.16,USD
08-06-2024,Durban,IFO380,411.53,USD
08-06-2024,Durban,VLSFO,587.03,USD
08-06-2024,Durban,MGO,848.48,USD
08-07-2024,Singapore,IFO380,386.98,USD
08-07-2024,Singapore,VLSFO,561.71,USD
08-07-2024,Singapore,MGO,809.66,USD
08-07-2024,Fujairah,IFO380,381.28,USD
08-07-2024,Fujairah,VLSFO,557.12,USD
08-07-2024,Fujairah,MGO,810.91,USD
08-07-2024,Rotterdam,IFO380,397.01,USD
08-07-2024,Rotterdam,VLSFO,569.4,USD
08-07-2024,Rotterdam,MGO,811.25,USD
08-07-2024,Houston,IFO380,391.46,USD
08-07-2024,Houston,VLSFO,553.41,USD
08-07-2024,Houston,MGO,806.2,USD
08-07-2024,Durban,IFO380,423.87,USD
08-07-2024,Durban,VLSFO,607.14,USD
08-07-2024,Durban,MGO,871.7,USD
07-08-2024,Singapore,IFO380,384.45,USD
07-08-2024,Singapore,VLSFO,558.87,USD
07-08-2024,Singapore,MGO,805.58,USD
07-08-2024,Fujairah,IFO380,385.57,USD
07-08-2024,Fujairah,VLSFO,546.35,USD
07-08-2024,Fujairah,MGO,789.53,USD
07-08-2024,Rotterdam,IFO380,394.07,USD
07-08-2024,Rotterdam,VLSFO,570.07,USD
07-08-2024,Rotterdam,MGO,820.41,USD
07-08-2024,Houston,IFO380,390.13,USD
07-08-2024,Houston,VLSFO,555.29,USD
07-08-2024,Houston,MGO,802.2,USD
07-08-2024,Durban,IFO380,414.43,USD
07-08-2024,Durban,VLSFO,595.96,USD
07-08-2024,Durban,MGO,865.78,USD
06-09-2024,Singapore,IFO380,368.72,USD
06-09-2024,Singapore,VLSFO,528.91,USD
06-09-2024,Singapore,MGO,780.62,USD
06-09-2024,Fujairah,IFO380,354.94,USD
06-09-2024,Fujairah,VLSFO,523.98,USD
06-09-2024,Fujairah,MGO,772.48,USD
06-09-2024,Rotterdam,IFO380,394.2,USD
06-09-2024,Rotterdam,VLSFO,557.47,USD
06-09-2024,Rotterdam,MGO,807.27,USD
06-09-2024,Houston,IFO380,367.23,USD
06-09-2024,Houston,VLSFO,527.76,USD
06-09-2024,Houston,MGO,765.62,USD
06-09-2024,Durban,IFO380,401.68,USD
06-09-2024,Durban,VLSFO,566.05,USD
06-09-2024,Durban,MGO,817.25,USD
06-10-2024,Singapore,IFO380,361.83,USD
06-10-2024,Singapore,VLSFO,523.43,USD
06-10-2024,Singapore,MGO,758.75,USD
06-10-2024,Fujairah,IFO380,364.48,USD
06-10-2024,Fujairah,VLSFO,517.19,USD
06-10-2024,Fujairah,MGO,754.98,USD
06-10-2024,Rotterdam,IFO380,386.54,USD
06-10-2024,Rotterdam,VLSFO,548.25,USD
06-10-2024,Rotterdam,MGO,787.03,USD
06-10-2024,Houston,IFO380,342.01,USD
06-10-2024,Houston,VLSFO,488.33,USD
06-10-2024,Houston,MGO,710.49,USD
06-10-2024,Durban,IFO380,388.96,USD
06-10-2024,Durban,VLSFO,551.58,USD
06-10-2024,Durban,MGO,803.13,USD
05-11-2024,Singapore,IFO380,354.78,USD
05-11-2024,Singapore,VLSFO,517.18,USD
05-11-2024,Singapore,MGO,754.49,USD
05-11-2024,Fujairah,IFO380,354.17,USD
05-11-2024,Fujairah,VLSFO,507.79,USD
05-11-2024,Fujairah,MGO,734.73,USD
05-11-2024,Rotterdam,IFO380,381.42,USD
05-11-2024,Rotterdam,VLSFO,534.84,USD
05-11-2024,Rotterdam,MGO,772.63,USD
05-11-2024,Houston,IFO380,344.86,USD
05-11-2024,Houston,VLSFO,493.27,USD
05-11-2024,Houston,MGO,718.51,USD
05-11-2024,Durban,IFO380,387.39,USD
05-11-2024,Durban,VLSFO,555.13,USD
05-11-2024,Durban,MGO,809.56,USD
05-12-2024,Singapore,IFO380,351.11,USD
05-12-2024,Singapore,VLSFO,501.98,USD
05-12-2024,Singapore,MGO,748.29,USD
05-12-2024,Fujairah,IFO380,339.64,USD
05-12-2024,Fujairah,VLSFO,482.12,USD
05-12-2024,Fujairah,MGO,695.05,USD
05-12-2024,Rotterdam,IFO380,372.39,USD
05-12-2024,Rotterdam,VLSFO,524.26,USD
05-12-2024,Rotterdam,MGO,747.98,USD
05-12-2024,Houston,IFO380,339.27,USD
05-12-2024,Houston,VLSFO,475.96,USD
05-12-2024,Houston,MGO,699.81,USD
05-12-2024,Durban,IFO380,378.61,USD
05-12-2024,Durban,VLSFO,537.22,USD
05-12-2024,Durban,MGO,772.43,USD
04-01-2025,Singapore,IFO380,363.89,USD
04-01-2025,Singapore,VLSFO,520.86,USD
04-01-2025,Singapore,MGO,749.8,USD
04-01-2025,Fujairah,IFO380,345.86,USD
04-01-2025,Fujairah,VLSFO,499.72,USD
04-01-2025,Fujairah,MGO,735.86,USD
04-01-2025,Rotterdam,IFO380,353.73,USD
04-01-2025,Rotterdam,VLSFO,522.74,USD
04-01-2025,Rotterdam,MGO,748.18,USD
04-01-2025,Houston,IFO380,346.72,USD
04-01-2025,Houston,VLSFO,485.46,USD
04-01-2025,Houston,MGO,718.39,USD
04-01-2025,Durban,IFO380,383.54,USD
04-01-2025,Durban,VLSFO,560.02,USD
04-01-2025,Durban,MGO,795.89,USD
03-02-2025,Singapore,IFO380,352.96,USD
03-02-2025,Singapore,VLSFO,507.3,USD
03-02-2025,Singapore,MGO,737.41,USD
03-02-2025,Fujairah,IFO380,337.77,USD
03-02-2025,Fujairah,VLSFO,489.76,USD
03-02-2025,Fujairah,MGO,703.41,USD
03-02-2025,Rotterdam,IFO380,372.17,USD
03-02-2025,Rotterdam,VLSFO,529.23,USD
03-02-2025,Rotterdam,MGO,770.62,USD
03-02-2025,Houston,IFO380,322.02,USD
03-02-2025,Houston,VLSFO,471.76,USD
03-02-2025,Houston,MGO,673.15,USD
03-02-2025,Durban,IFO380,364.61,USD
03-02-2025,Durban,VLSFO,521.78,USD
03-02-2025,Durban,MGO,754.01,USD
05-03-2025,Singapore,IFO380,359.08,USD
05-03-2025,Singapore,VLSFO,512.69,USD
05-03-2025,Singapore,MGO,760.65,USD
05-03-2025,Fujairah,IFO380,348.67,USD
05-03-2025,Fujairah,VLSFO,505.21,USD
05-03-2025,Fujairah,MGO,728.18,USD
05-03-2025,Rotterdam,IFO380,383.14,USD
05-03-2025,Rotterdam,VLSFO,529.3,USD
05-03-2025,Rotterdam,MGO,776.78,USD
05-03-2025,Houston,IFO380,345.99,USD
05-03-2025,Houston,VLSFO,498.47,USD
05-03-2025,Houston,MGO,716.97,USD
05-03-2025,Durban,IFO380,389.33,USD
05-03-2025,Durban,VLSFO,547.07,USD
05-03-2025,Durban,MGO,790.33,USD
04-04-2025,Singapore,IFO380,327.89,USD
04-04-2025,Singapore,VLSFO,490.69,USD
04-04-2025,Singapore,MGO,692.96,USD
04-04-2025,Fujairah,IFO380,332.8,USD
04-04-2025,Fujairah,VLSFO,478.64,USD
04-04-2025,Fujairah,MGO,697.14,USD
04-04-2025,Rotterdam,IFO380,354.88,USD
04-04-2025,Rotterdam,VLSFO,510.47,USD
04-04-2025,Rotterdam,MGO,742.85,USD
04-04-2025,Houston,IFO380,335.07,USD
04-04-2025,Houston,VLSFO,469.16,USD
04-04-2025,Houston,MGO,681.84,USD
04-04-2025,Durban,IFO380,373.15,USD
04-04-2025,Durban,VLSFO,525.41,USD
04-04-2025,Durban,MGO,753.01,USD
04-05-2025,Singapore,IFO380,339.62,USD
04-05-2025,Singapore,VLSFO,487.71,USD
04-05-2025,Singapore,MGO,713.76,USD
04-05-2025,Fujairah,IFO380,340.55,USD
04-05-2025,Fujairah,VLSFO,487.58,USD
04-05-2025,Fujairah,MGO,715.41,USD
04-05-2025,Rotterdam,IFO380,365.96,USD
04-05-2025,Rotterdam,VLSFO,506.48,USD
04-05-2025,Rotterdam,MGO,720.54,USD
04-05-2025,Houston,IFO380,333.67,USD
04-05-2025,Houston,VLSFO,479.11,USD
04-05-2025,Houston,MGO,691.27,USD
04-05-2025,Durban,IFO380,354.58,USD
04-05-2025,Durban,VLSFO,514.45,USD
04-05-2025,Durban,MGO,742.06,USD
03-06-2025,Singapore,IFO380,344.56,USD
03-06-2025,Singapore,VLSFO,494.7,USD
03-06-2025,Singapore,MGO,710,USD
03-06-2025,Fujairah,IFO380,333.54,USD
03-06-2025,Fujairah,VLSFO,478.09,USD
03-06-2025,Fujairah,MGO,682.64,USD
03-06-2025,Rotterdam,IFO380,353.61,USD
03-06-2025,Rotterdam,VLSFO,501.91,USD
03-06-2025,Rotterdam,MGO,736.21,USD
03-06-2025,Houston,IFO380,331.71,USD
03-06-2025,Houston,VLSFO,467.33,USD
03-06-2025,Houston,MGO,680.15,USD
03-06-2025,Durban,IFO380,367.89,USD
03-06-2025,Durban,VLSFO,535.13,USD
03-06-2025,Durban,MGO,763.52,USD
03-07-2025,Singapore,IFO380,334.71,USD
03-07-2025,Singapore,VLSFO,465.83,USD
03-07-2025,Singapore,MGO,673.11,USD
03-07-2025,Fujairah,IFO380,321.36,USD
03-07-2025,Fujairah,VLSFO,447.86,USD
03-07-2025,Fujairah,MGO,667.95,USD
03-07-2025,Rotterdam,IFO380,336.35,USD
03-07-2025,Rotterdam,VLSFO,485.35,USD
03-07-2025,Rotterdam,MGO,706.85,USD
03-07-2025,Houston,IFO380,333.53,USD
03-07-2025,Houston,VLSFO,471.94,USD
03-07-2025,Houston,MGO,681.92,USD
03-07-2025,Durban,IFO380,351.55,USD
03-07-2025,Durban,VLSFO,502.87,USD
03-07-2025,Durban,MGO,733.89,USD
02-08-2025,Singapore,IFO380,332.54,USD
02-08-2025,Singapore,VLSFO,481.08,USD
02-08-2025,Singapore,MGO,699.26,USD
02-08-2025,Fujairah,IFO380,336.63,USD
02-08-2025,Fujairah,VLSFO,465.79,USD
02-08-2025,Fujairah,MGO,680.85,USD
02-08-2025,Rotterdam,IFO380,331.74,USD
02-08-2025,Rotterdam,VLSFO,486.92,USD
02-08-2025,Rotterdam,MGO,705.78,USD
02-08-2025,Houston,IFO380,333.73,USD
02-08-2025,Houston,VLSFO,468.16,USD
02-08-2025,Houston,MGO,695.89,USD
02-08-2025,Durban,IFO380,367.11,USD
02-08-2025,Durban,VLSFO,519.38,USD
02-08-2025,Durban,MGO,748.66,USD
01-09-2025,Singapore,IFO380,343.7,USD
01-09-2025,Singapore,VLSFO,490.76,USD
01-09-2025,Singapore,MGO,709.93,USD
01-09-2025,Fujairah,IFO380,325.03,USD
01-09-2025,Fujairah,VLSFO,472.89,USD
01-09-2025,Fujairah,MGO,674.26,USD
01-09-2025,Rotterdam,IFO380,351.31,USD
01-09-2025,Rotterdam,VLSFO,501.07,USD
01-09-2025,Rotterdam,MGO,719.68,USD
01-09-2025,Houston,IFO380,326.44,USD
01-09-2025,Houston,VLSFO,465.47,USD
01-09-2025,Houston,MGO,664.48,USD
01-09-2025,Durban,IFO380,368.88,USD
01-09-2025,Durban,VLSFO,520.95,USD
01-09-2025,Durban,MGO,743.01,USD
01-10-2025,Singapore,IFO380,321.56,USD
01-10-2025,Singapore,VLSFO,452.03,USD
01-10-2025,Singapore,MGO,663.05,USD
01-10-2025,Fujairah,IFO380,325.2,USD
01-10-2025,Fujairah,VLSFO,455.41,USD
01-10-2025,Fujairah,MGO,659.7,USD
01-10-2025,Rotterdam,IFO380,321.73,USD
01-10-2025,Rotterdam,VLSFO,464.62,USD
01-10-2025,Rotterdam,MGO,677.22,USD
01-10-2025,Houston,IFO380,309.98,USD
01-10-2025,Houston,VLSFO,454.53,USD
01-10-2025,Houston,MGO,648.79,USD
01-10-2025,Durban,IFO380,337.17,USD
01-10-2025,Durban,VLSFO,477.31,USD
01-10-2025,Durban,MGO,711.46,USD
31-10-2025,Singapore,IFO380,331.72,USD
31-10-2025,Singapore,VLSFO,476.17,USD
31-10-2025,Singapore,MGO,693.15,USD
31-10-2025,Fujairah,IFO380,313.13,USD
31-10-2025,Fujairah,VLSFO,454.29,USD
31-10-2025,Fujairah,MGO,646.58,USD
31-10-2025,Rotterdam,IFO380,335,USD
31-10-2025,Rotterdam,VLSFO,490.13,USD
31-10-2025,Rotterdam,MGO,707.77,USD
31-10-2025,Houston,IFO380,313.61,USD
31-10-2025,Houston,VLSFO,436.76,USD
31-10-2025,Houston,MGO,632.7,USD
31-10-2025,Durban,IFO380,356.98,USD
31-10-2025,Durban,VLSFO,497.71,USD
31-10-2025,Durban,MGO,727.94,USD
